calories,carbohydrate,sugar,protein,category,servings,high_traffic,servings_numeric,Cluster,PC1,PC2
288.55,21.48,4.55,10.8,Pork,6,High,6.0,0,-0.22295786933641643,1.3600926813361967
35.48,38.56,0.66,0.92,Potato,4,High,4.0,0,-0.6550228039722833,0.7200876146441413
914.28,42.68,3.09,2.88,Breakfast,1,,1.0,2,0.48676512640993913,-1.0677628194648994
97.03,30.56,38.63,0.02,Beverages,4,High,4.0,1,-1.8198316847159106,-0.13573252363348626
27.05,1.85,0.8,0.53,Beverages,4,,4.0,0,-0.4681679836079706,1.239889683180328
691.15,3.46,1.65,53.93,One Dish Meal,2,High,2.0,2,1.3726850986702228,-0.3093373793167447
183.94,47.95,9.75,46.71,Chicken Breast,4,,4.0,0,-0.023512198681588773,0.013948729888061786
299.14,3.17,0.4,32.4,Lunch/Snacks,4,,4.0,0,0.4177181196030688,0.8696210913504767
538.52,3.78,3.37,3.79,Pork,6,High,6.0,0,0.1304852680732603,1.5104595245525254
248.28,48.54,3.99,113.85,Chicken,2,,2.0,3,1.418606785570804,-1.0171081131095248
170.12,17.63,4.1,0.91,Beverages,1,,1.0,2,-0.3592019139866879,-0.2370713514940123
155.8,8.27,9.78,11.55,Breakfast,6,,6.0,0,-0.5733847168301188,1.4974227565467721
274.63,23.49,1.56,2.57,Potato,4,High,4.0,0,-0.2590884954927266,0.7398832361692725
25.23,11.51,10.32,9.57,Vegetable,4,High,4.0,0,-0.6916691929704173,0.8608908576190184
217.14,6.69,10.0,15.17,Meat,4,High,4.0,0,-0.2494692860915026,0.7354386347018244
316.45,2.65,4.68,79.71,Meat,6,High,6.0,0,1.067691412862598,1.2023733792579707
454.27,1.87,2.95,61.07,Meat,2,High,2.0,2,1.171161250433764,-0.16748190296769225
1695.82,0.1,0.39,33.17,Meat,1,High,1.0,3,2.4418214246572476,-1.0987697937505736
1090.75,4.65,0.69,3.49,Meat,6,High,6.0,0,0.9212809807632678,1.2025070587785247
127.55,27.55,1.51,8.91,Chicken,2,,2.0,2,-0.26132182367458173,0.023302362247625864
9.26,17.44,8.16,10.81,Potato,6,High,6.0,0,-0.736633213197273,1.5097962919505026
40.53,87.91,104.91,11.93,Dessert,4,,4.0,1,-4.439916474240569,-2.644747448979032
82.73,3.17,7.95,26.04,Breakfast,4,,4.0,0,-0.2472681288500535,0.8574258490434342
288.55,21.48,4.55,10.8,Meat,2,,2.0,2,-0.08360820707843812,-0.07231017000153633
1161.49,1.53,8.88,12.57,Breakfast,1,High,1.0,2,1.053986068478825,-0.8634027356948806
56.29,22.35,11.38,34.79,One Dish Meal,4,High,4.0,0,-0.2924227348957914,0.4400651633306158
411.16,51.7,27.78,70.3,Pork,2,High,2.0,2,0.11364741085862747,-1.4951701133012738
574.75,13.12,1.84,13.85,Potato,4,High,4.0,0,0.36682695463392606,0.6134680375822374
595.39,62.67,2.64,4.96,Potato,2,High,2.0,2,-0.00013811125447998375,-0.7768859198112961
164.76,33.58,17.87,220.14,One Dish Meal,2,High,2.0,3,2.7133047733350315,-1.7409321968137643
215.98,52.66,6.25,32.32,Pork,2,High,2.0,2,-0.037353722636449135,-0.631715772085085
617.11,23.1,32.83,45.89,Breakfast,6,,6.0,0,-0.2904570153638678,0.22253706142491173
347.06,9.5,5.92,82.58,Chicken Breast,4,,4.0,3,1.1471104941083123,0.32651477742251894
497.17,1.47,1.51,2.97,Lunch/Snacks,6,High,6.0,0,0.10479275388224757,1.619696519796327
575.63,20.71,0.2,6.24,Breakfast,6,High,6.0,0,0.16134170125400665,1.306662683978298
796.89,29.1,9.63,2.28,Lunch/Snacks,2,,2.0,2,0.16836731436625307,-0.5913168819986734
1321.78,70.07,7.75,19.51,Breakfast,1,,1.0,2,0.9573531460811904,-1.928240488587458
44.55,99.82,2.62,15.57,Breakfast,4,,4.0,0,-0.8822929063966222,-0.26916844868305984
264.62,1.5,18.44,32.62,Chicken Breast,4,,4.0,0,-0.16431219319506718,0.47480763402642034
44.81,4.62,0.4,5.9,Vegetable,4,High,4.0,0,-0.34659643564775516,1.2081272425298024
621.54,14.16,10.7,39.69,Chicken Breast,6,High,6.0,0,0.544860337993687,0.9257411352575289
290.1,4.43,1.05,40.64,Breakfast,4,,4.0,0,0.4881530771445604,0.7874221846039114
576.89,4.79,20.92,4.29,One Dish Meal,2,,2.0,2,-0.2960290883227012,-0.430898621120912
262.12,17.46,0.33,87.05,Chicken Breast,4,,4.0,3,1.2540153436322523,0.38313018766885437
64.29,16.95,0.77,11.2,Breakfast,1,,1.0,2,-0.22775600965046428,-0.1399447621197528
83.39,13.06,1.62,3.44,Vegetable,6,High,6.0,0,-0.5173301759916411,1.7697310236356534
69.01,39.17,39.54,0.17,Beverages,4,,4.0,1,-1.9714171765665245,-0.25395904032426264
43.91,48.16,4.58,7.92,Breakfast,4,,4.0,0,-0.7590173052200588,0.4454637633860493
288.55,21.48,4.55,10.8,Chicken Breast,4,,4.0,0,-0.14422852598216956,0.6482530594741417
1724.25,45.52,0.07,49.37,Breakfast,1,High,1.0,3,2.4152611394199854,-1.8438730793857525
293.36,19.16,9.4,1.32,Pork,2,,2.0,2,-0.3873862391703163,-0.10876235148713692
1279.53,19.56,1.08,18.2,Pork,4,High,4.0,3,1.3862818596562447,0.05416001934840981
367.3,89.84,6.96,73.35,Chicken,2,,2.0,2,0.5448061682339672,-1.507781840510732
74.56,47.47,16.36,45.15,Pork,4,High,4.0,0,-0.40495474795331027,-0.06828514606173346
131.51,33.32,1.7,87.11,Pork,6,High,6.0,0,0.8645485059792618,0.9269308045664236
2122.24,25.99,0.52,81.37,Pork,1,High,1.0,3,3.6218533964140485,-2.02439595106276
47.17,60.93,13.82,10.8,Vegetable,4,High,4.0,0,-1.0664975394997231,0.06668751360580494
191.78,9.17,0.65,66.69,Chicken Breast,1,,1.0,2,0.9954043524520861,-0.42508953386865056
6.23,56.43,5.6,2.12,Lunch/Snacks,6,High,6.0,0,-1.0162611197409874,1.0849623314099106
384.93,74.38,76.53,2.17,Dessert,2,,2.0,1,-3.0228217143006244,-2.6521040116788805
616.95,69.45,7.77,3.12,Dessert,4,High,4.0,0,-0.38540350868528617,-0.3430397417490668
187.87,55.51,9.99,86.09,One Dish Meal,4,,4.0,0,0.5356339424556381,-0.36483389302771546
160.05,42.45,1.6,44.38,One Dish Meal,2,High,2.0,2,0.2954329971902779,-0.44370597237794035
813.08,88.55,0.47,136.89,Chicken,1,High,1.0,3,2.475619359433938,-2.3596434583276604
566.2,1.72,2.54,4.24,Meat,4,High,4.0,0,0.302004273080681,0.8200767615782087
260.33,0.51,1.24,4.53,Dessert,1,,1.0,2,-0.0777939780616535,-0.07143007283358152
61.78,13.87,10.68,0.72,Beverages,2,,2.0,2,-0.7455493500504481,0.08659429093985709
717.72,71.21,14.02,7.1,Breakfast,4,,4.0,0,-0.3725080009309393,-0.5466927106243803
1105.15,6.63,3.79,71.51,Chicken Breast,1,,1.0,3,2.154803993269295,-1.0981652670453768
799.39,23.14,3.33,19.75,One Dish Meal,1,,1.0,2,0.7755618823235876,-0.8513702068722391
100.0,95.89,10.2,114.6,Lunch/Snacks,4,,4.0,3,0.6198833236095983,-1.0039175387816759
2508.47,18.11,10.6,84.23,Chicken,4,,4.0,3,3.7013401699410586,-1.357890719373199
38.22,13.09,3.8,2.09,Beverages,1,,1.0,2,-0.4706022369489303,-0.08631609652974584
288.6,10.5,8.83,102.53,One Dish Meal,4,,4.0,3,1.2535775500652675,0.12727468603306685
320.57,83.79,16.24,2.07,Dessert,1,High,1.0,2,-1.031059913988452,-1.62807646728604
767.16,24.76,0.57,31.07,Potato,4,High,4.0,0,0.8705832007496147,0.25591448700576147
557.66,36.78,3.0,19.55,One Dish Meal,1,High,1.0,2,0.4238464461103817,-0.8780513369465633
65.52,2.67,0.07,0.51,Dessert,2,,2.0,2,-0.4104960141427929,0.43925739893384347
791.49,98.51,5.8,91.51,Breakfast,1,,1.0,3,1.3621064204466498,-2.3425641606237675
19.91,35.47,2.17,11.82,Breakfast,1,High,1.0,2,-0.40189168336779707,-0.4119917580861864
81.56,33.08,2.34,11.2,Breakfast,4,High,4.0,0,-0.4530883087085521,0.6599636053472043
65.69,7.99,9.23,14.52,Breakfast,4,High,4.0,0,-0.4991577545668599,0.8309996860282656
288.55,21.48,4.55,10.8,Meat,4,High,4.0,0,-0.13536723288809954,0.6416339647114427
886.47,78.02,16.39,2.37,Breakfast,2,,2.0,2,-0.2713515656034689,-1.5035392054077812
85.17,29.96,0.57,5.24,Chicken,2,High,2.0,2,-0.3250730050373257,0.056033005628831865
662.78,47.61,4.08,2.39,Meat,1,High,1.0,2,0.18927331229893762,-0.9885421296527439
113.03,23.45,0.47,62.08,Meat,4,High,4.0,0,0.6163656951421402,0.5330502344006599
374.27,74.16,5.91,0.38,Lunch/Snacks,2,,2.0,2,-0.5551790348883971,-0.8360908136629165
193.17,4.49,3.01,46.9,Breakfast,4,High,4.0,0,0.434525405545938,0.7602220675413609
288.55,21.48,4.55,10.8,Pork,6,High,6.0,0,-0.22295786933641643,1.3600926813361967
388.37,13.67,11.13,2.67,Breakfast,6,,6.0,0,-0.5016115247604148,1.2870887538450506
106.87,0.88,7.28,5.67,Vegetable,4,High,4.0,0,-0.4825398040682107,1.0517918277093483
34.77,10.48,12.33,8.63,Breakfast,6,,6.0,0,-0.8775218908873332,1.501094261673146
113.84,37.57,1.21,21.31,Chicken Breast,4,,4.0,0,-0.17909206871684952,0.5610437463245638
826.83,145.32,6.48,3.04,Potato,4,High,4.0,0,-0.4604402096209872,-1.44135169206626
356.64,1.24,54.47,0.48,Beverages,4,,4.0,1,-1.873549880315088,-0.28464067414146493
88.57,14.31,47.32,5.67,Dessert,1,High,1.0,1,-1.901788774737058,-1.2919099641343341
2081.69,8.09,4.78,28.48,One Dish Meal,2,High,2.0,3,2.598539232601008,-1.2216582992732181
131.8,29.18,5.85,8.42,Breakfast,2,High,2.0,2,-0.4445830924304654,-0.10898914559099433
672.26,88.81,6.31,20.89,Lunch/Snacks,2,,2.0,2,0.06297402901442768,-1.365232967034582
266.41,58.44,4.19,10.96,Chicken,4,,4.0,0,-0.41663408233939603,0.1447391782221424
198.98,87.68,0.39,39.12,Vegetable,4,High,4.0,0,-0.10897858598646236,-0.2402920421887561
165.2,8.24,0.4,2.5,Chicken Breast,4,,4.0,0,-0.2169052296067437,1.063571543760397
1075.91,3.67,15.1,45.62,Meat,4,High,4.0,3,1.2007014560301217,-0.09146721953600871
413.67,20.8,5.75,54.13,Breakfast,1,,1.0,2,0.7379608341764371,-0.7951464044102509
396.37,16.85,2.48,0.27,Beverages,1,High,1.0,2,0.01447908118680375,-0.33838830421493254
766.01,9.43,0.82,66.71,Meat,1,,1.0,3,1.699266348776202,-0.8129173360878541
196.68,2.28,9.12,2.17,Vegetable,1,High,1.0,2,-0.3679039164359499,-0.1318685914382318
612.64,38.55,10.06,5.65,Dessert,6,High,6.0,0,-0.32299699631276796,0.7384634647245106
161.32,32.21,7.15,6.09,Lunch/Snacks,4,High,4.0,0,-0.5696481867656455,0.5380450178533457
46.99,24.72,2.13,10.8,Breakfast,4,,4.0,0,-0.47960950417373643,0.8125368285382165
409.66,31.32,13.83,29.86,Meat,1,High,1.0,2,0.0875011298515528,-0.9931044359407263
719.02,49.37,1.22,5.72,Potato,4,High,4.0,0,0.2152893843063151,0.07669427693051045
76.77,48.84,22.95,4.88,Meat,2,High,2.0,2,-1.2150300656193445,-0.7353979495966456
177.84,10.67,2.21,3.02,Lunch/Snacks,2,High,2.0,2,-0.2124325772215481,0.24531718673272992
26.76,5.17,2.39,4.45,Vegetable,4,High,4.0,0,-0.4650329163099718,1.1720349901251519
288.55,21.48,4.55,10.8,Chicken Breast,6,High,6.0,0,-0.19598755179183097,1.362197194187121
209.65,49.36,0.96,2.15,Breakfast,4,,4.0,0,-0.526019782132756,0.4414514035264227
28.83,31.55,38.36,3.57,Dessert,2,,2.0,1,-1.8906548951201965,-0.8941254602651624
443.2,16.2,10.35,0.01,Vegetable,4,High,4.0,0,-0.34406641162372126,0.5742236712760712
1114.94,31.45,13.02,1.33,Meat,2,High,2.0,2,0.5028792532189024,-0.9156883708085569
288.55,21.48,4.55,10.8,Dessert,2,High,2.0,2,-0.18840951438228276,-0.14503657352130758
384.59,1.93,8.6,0.86,Beverages,1,,1.0,2,-0.14201235899643733,-0.2706037470328108
38.92,12.9,11.32,69.53,Chicken Breast,1,,1.0,2,0.4595502922232615,-0.6539252997091917
2906.01,3.52,1.89,179.22,Pork,6,High,6.0,3,6.124761695169238,-1.030545285068442
180.42,9.64,6.87,15.59,Breakfast,4,High,4.0,0,-0.26397311324235523,0.7839123960381378
324.0,79.18,1.7,7.03,One Dish Meal,4,High,4.0,0,-0.42846565544081083,-0.1284311173004701
960.75,190.84,4.13,96.91,One Dish Meal,4,High,4.0,3,1.1075792445516905,-2.6813191043018585
72.71,38.4,4.37,7.44,Breakfast,4,,4.0,0,-0.6628569928288092,0.5699989429650338
528.9,18.65,3.31,6.04,Potato,4,,4.0,0,0.06032505283348483,0.5822286855249771
190.52,2.57,0.56,1.58,Beverages,6,,6.0,0,-0.3233357729862584,1.8417072085257025
160.08,14.21,10.22,3.81,Potato,4,High,4.0,0,-0.6237553609271275,0.725075910175478
93.62,3.74,29.41,4.62,Dessert,4,High,4.0,0,-1.3655967807724265,0.37677922583864715
959.51,4.4,44.54,12.12,Dessert,1,,1.0,1,-0.5566515442139024,-1.6927809360837387
104.25,44.61,5.12,2.89,Vegetable,4,High,4.0,0,-0.7272245196518615,0.5148636541531081
115.95,156.23,7.9,49.63,One Dish Meal,4,High,4.0,0,-0.674706257892135,-1.4605826240147095
288.55,21.48,4.55,10.8,One Dish Meal,2,High,2.0,2,-0.06789728747080744,-0.1148913216375535
24.05,59.63,0.31,142.03,Chicken Breast,4,High,4.0,3,1.6352744179121605,-0.36983204723717505
96.06,51.94,2.65,13.07,Breakfast,6,High,6.0,0,-0.6159891453936818,1.0898827167005691
13.62,92.02,0.89,44.92,One Dish Meal,1,High,1.0,2,-0.12104503809880525,-1.3815736491165462
4.22,3.46,10.93,0.74,Beverages,6,,6.0,0,-0.9353394671232469,1.703113163074883
24.21,67.02,13.47,7.82,Breakfast,6,,6.0,0,-1.2911020868037628,0.6990871055267927
94.41,25.98,23.79,1.49,Dessert,4,High,4.0,0,-1.3615092461751392,0.2230823505667619
42.01,12.0,11.7,1.32,Beverages,1,,1.0,2,-0.7412947377448738,-0.26285111255910737
296.92,1.42,11.15,25.19,Breakfast,2,High,2.0,2,0.03491921479076718,-0.05940359602739106
258.16,7.53,1.2,40.32,Chicken,6,,6.0,0,0.388472684039828,1.4808576855417463
229.58,39.93,1.09,6.66,Potato,4,High,4.0,0,-0.3341518305981353,0.5289996718839463
1568.0,15.49,5.23,53.23,Chicken,1,,1.0,3,2.3100705383549656,-1.468868562947773
205.98,61.85,2.89,14.45,Chicken,4,High,4.0,0,-0.378756656186117,0.14282864906750933
288.55,21.48,4.55,10.8,Potato,2,High,2.0,2,-0.10860033573743758,-0.0823977678969281
286.54,21.1,1.53,4.1,Breakfast,6,High,6.0,0,-0.29252834911193926,1.4720497141042554
311.39,43.2,1.13,3.36,Vegetable,1,High,1.0,2,-0.18021457557756806,-0.587372710060565
178.98,4.34,17.29,18.49,Vegetable,4,High,4.0,0,-0.5404186641188649,0.6364085590519607
272.31,73.05,7.68,0.29,Beverages,2,,2.0,2,-0.7443809678620665,-0.7989022675038441
188.42,34.29,5.55,3.15,Breakfast,4,High,4.0,0,-0.5664163926464773,0.5405145748190636
836.95,32.82,59.04,0.32,Beverages,2,,2.0,1,-1.5246088682446188,-1.8719766340700403
81.01,0.35,1.27,1.19,Beverages,4,,4.0,0,-0.39485810198075966,1.2097378303550972
766.8,13.6,8.27,17.85,Lunch/Snacks,6,,6.0,0,0.35768379462185795,1.0271348294587745
335.43,23.88,2.77,38.18,Vegetable,6,High,6.0,0,0.27566880543664746,1.223323584591686
777.37,101.73,2.52,5.12,Dessert,4,High,4.0,0,-0.16602155494660498,-0.7805308287948242
353.58,12.82,1.02,6.39,One Dish Meal,1,High,1.0,2,0.15904039933480466,-0.2854428628289693
859.11,73.16,14.6,3.3,Dessert,6,High,6.0,0,-0.41367025367229926,-0.0030201686547650995
935.77,8.74,2.39,71.88,Chicken Breast,2,,2.0,3,1.9356006853154692,-0.6233884785180184
379.87,13.94,0.57,43.68,Chicken,4,High,4.0,0,0.7023199471399295,0.5812125250605822
18.62,22.46,10.06,1.12,Beverages,6,,6.0,0,-0.9977551622000472,1.4486790785621058
181.1,7.33,2.4,104.07,Chicken Breast,1,High,1.0,3,1.5868587246616042,-0.6580734489767418
25.83,0.13,2.24,28.6,Chicken Breast,6,,6.0,0,-0.061919687094166745,1.79203380567007
4.41,239.06,19.54,3.76,Dessert,1,High,1.0,2,-2.4759151569249473,-3.667652025358022
1044.92,24.34,5.6,4.66,Chicken Breast,4,,4.0,0,0.6703633413049119,0.11861075681348378
607.13,23.0,39.52,26.15,Breakfast,4,High,4.0,1,-0.737884500726225,-0.5451829512501122
431.28,14.69,4.17,32.79,One Dish Meal,2,High,2.0,2,0.5341888956447112,-0.23295805545955278
76.08,13.95,8.59,1.05,Beverages,4,,4.0,0,-0.7368516115330491,0.8453832243673701
98.76,7.28,16.56,1.15,Beverages,4,,4.0,0,-0.9369796142866006,0.7271548130202004
180.52,12.4,24.65,5.08,Dessert,2,High,2.0,2,-1.051531278113996,-0.40700776650459924
16.58,5.66,14.41,19.94,Breakfast,6,High,6.0,0,-0.7206006459222655,1.4574794012420134
382.85,3.38,44.22,0.36,Beverages,2,,2.0,1,-1.4195231308392493,-0.7997912338082346
918.21,13.01,7.68,122.39,Chicken Breast,4,,4.0,3,2.4573965300630634,-0.37347966985883035
114.0,113.65,3.1,26.36,Lunch/Snacks,4,,4.0,0,-0.6913074248349078,-0.5745707701471392
336.52,1.05,1.89,5.22,Lunch/Snacks,2,,2.0,2,0.06339447419607624,0.2753465264777326
410.34,28.09,3.5,128.84,Chicken Breast,4,High,4.0,3,1.9971338830103291,-0.18849977724733752
44.77,11.91,7.93,1.07,Potato,6,High,6.0,0,-0.8106392914519629,1.625268368809919
580.94,23.16,20.99,5.63,Dessert,6,High,6.0,0,-0.6421802563578959,0.7054875976127959
699.44,56.65,3.2,3.48,Vegetable,4,High,4.0,0,0.03709238079559314,-0.0020623663806054802
61.8,6.28,0.72,15.46,Vegetable,4,,4.0,0,-0.22168237519972211,1.1166743192526394
62.59,23.96,6.25,30.83,One Dish Meal,6,,6.0,0,-0.3049213643679888,1.2883422809043004
1266.75,154.18,0.59,0.46,Lunch/Snacks,4,High,4.0,0,0.22798024206638312,-1.6939178501413723
515.49,5.88,13.29,13.96,Lunch/Snacks,1,High,1.0,2,0.09617730867365352,-0.6062098149899667
288.55,21.48,4.55,10.8,Pork,4,High,4.0,0,-0.13704841614275148,0.6400604360628903
181.86,33.04,44.67,5.48,Dessert,4,High,4.0,1,-1.9389863100506382,-0.4677332671914551
529.68,23.75,2.28,15.81,Breakfast,1,High,1.0,2,0.3861234157528676,-0.6117497984819006
1330.3,1.63,6.39,70.31,Meat,4,,4.0,3,2.2114866187463225,-0.15469793054038983
646.15,22.1,39.34,16.73,Dessert,6,,6.0,1,-1.0282638294949318,0.1691075286460821
1243.9,74.77,0.75,8.2,Lunch/Snacks,2,,2.0,2,0.8616200704911008,-1.3379827250475886
497.71,3.73,18.85,8.09,Chicken Breast,2,High,2.0,2,-0.17956705855214206,-0.30419993334644385
267.51,15.99,5.77,0.95,Dessert,1,,1.0,2,-0.37764707731638236,-0.3815893360072307
336.27,37.38,6.53,23.12,Lunch/Snacks,1,High,1.0,2,0.055056378802960604,-0.8129387812997673
216.1,7.93,1.2,151.64,Chicken,6,,6.0,3,2.1766375318407993,0.8579580751952087
278.05,9.85,12.93,26.75,Chicken Breast,6,High,6.0,0,-0.15950592317231765,1.2329153571764047
641.05,26.99,1.08,20.2,Meat,1,,1.0,2,0.6515279140515797,-0.711220341602883
52.32,2.84,2.96,88.21,Meat,4,High,4.0,0,1.0133107643429902,0.6471145541835565
89.72,10.83,2.26,4.52,Vegetable,2,High,2.0,2,-0.3276179853572759,0.33452822153747497
113.97,12.54,0.64,7.93,Vegetable,6,High,6.0,0,-0.36709597679448286,1.7547533645564373
648.05,19.28,0.19,35.28,Breakfast,2,,2.0,2,0.8821823792255474,-0.3233395510623322
66.16,10.45,1.07,8.81,One Dish Meal,2,High,2.0,2,-0.19944527464486297,0.28216084311755557
258.33,5.22,8.23,29.05,Breakfast,1,High,1.0,2,0.1685980365957286,-0.3975275074348032
283.72,34.05,1.63,0.92,Lunch/Snacks,6,High,6.0,0,-0.4073047576611763,1.3169008168667484
551.7,1.11,5.9,186.18,Pork,4,High,4.0,3,3.185571955950551,-0.30019090071637844
20.98,1.26,9.8,0.82,Beverages,1,,1.0,2,-0.6456737101373481,-0.05023323408802941
10.21,44.63,17.74,13.51,Pork,4,High,4.0,0,-1.0413361823280125,0.16323581592866682
288.55,21.48,4.55,10.8,Dessert,2,High,2.0,2,-0.18840951438228276,-0.14503657352130758
1165.14,0.14,4.36,9.64,Potato,1,High,1.0,2,1.1767321782720135,-0.7136462646229537
310.1,48.58,35.01,40.12,Pork,4,High,4.0,1,-0.8293591994170698,-0.6673244936157843
288.55,21.48,4.55,10.8,Dessert,4,High,4.0,0,-0.2743189675759477,0.5749956717519986
816.25,5.42,8.24,37.47,Meat,1,High,1.0,2,1.0848684598603342,-0.808894257469309
299.32,9.58,2.5,125.5,Chicken,6,High,6.0,3,1.8298541779166173,0.8935790795880956
280.13,1.1,7.58,0.56,Beverages,2,,2.0,2,-0.2839653902504665,0.1967051931511892
25.51,40.64,1.67,3.26,Lunch/Snacks,2,High,2.0,2,-0.5696566998970677,-0.05868370716674461
1292.18,89.2,14.22,80.03,Chicken Breast,4,High,4.0,3,1.577432499218605,-1.6002826490489437
166.44,0.53,29.68,4.86,Dessert,6,High,6.0,0,-1.3436358531417034,1.0852987454938692
1330.48,10.34,5.22,77.57,Chicken Breast,1,,1.0,3,2.4725122865924782,-1.368772193369566
625.76,23.38,11.99,25.79,Breakfast,2,High,2.0,2,0.3027526287326425,-0.6059167310189095
288.55,21.48,4.55,10.8,Dessert,1,,1.0,2,-0.17960521516945382,-0.4989645855976336
48.11,5.13,0.29,0.51,Lunch/Snacks,4,High,4.0,0,-0.40668873703297465,1.1896611583654928
62.85,29.98,4.41,40.65,Chicken Breast,4,,4.0,0,0.01351031815137375,0.5096940091642519
191.89,19.29,5.49,3.71,Potato,4,High,4.0,0,-0.45451488803438794,0.7499809988278295
133.8,5.48,0.44,57.76,Pork,6,High,6.0,0,0.5953645443608162,1.51328566062908
2703.12,6.4,2.17,28.2,Pork,6,High,6.0,3,3.335002108279347,-0.06817701140785555
124.79,158.92,1.76,23.07,Breakfast,1,High,1.0,2,-0.8262665866832659,-2.252016745143174
0.14,18.12,11.15,87.34,Lunch/Snacks,2,High,2.0,2,0.6061109344258016,-0.4485976027788191
393.73,39.26,1.33,17.38,Chicken,1,,1.0,2,0.19736943510741,-0.71998970517861
418.22,32.08,19.78,0.29,Beverages,1,,1.0,2,-0.6751565656588625,-0.9825529429447065
247.79,32.82,4.57,10.06,Vegetable,2,High,2.0,2,-0.24720466723020806,-0.16423261420510024
207.37,12.05,22.03,0.38,Beverages,4,,4.0,0,-1.0264269815054545,0.4594906271850335
523.69,1.98,0.72,41.55,Chicken Breast,6,High,6.0,0,0.8655887095774929,1.3935027817308496
627.16,34.96,41.5,16.15,Dessert,6,,6.0,1,-1.2149975845544834,-0.04664434395692232
357.15,39.67,2.24,38.63,Chicken Breast,4,,4.0,0,0.3717913978419303,0.2454811297793164
482.99,53.73,6.53,3.46,Dessert,6,High,6.0,0,-0.49844750342666017,0.7123859366751721
158.64,45.71,4.66,91.16,Chicken Breast,2,,2.0,2,0.953901769736843,-0.7910747508367797
581.7,11.48,7.94,13.64,Chicken,4,High,4.0,0,0.22704166618647345,0.4754878365336615
593.56,243.2,0.6,2.56,Chicken,2,,2.0,2,-1.064310276527234,-3.2223746228329198
539.78,14.84,17.29,21.55,One Dish Meal,2,,2.0,2,0.004409843984249085,-0.5570939473072081
791.99,56.12,2.47,2.77,Potato,4,High,4.0,0,0.17580755739597032,-0.07886583900653324
1550.2,72.86,1.49,40.33,Chicken Breast,4,High,4.0,3,1.7851764239527732,-1.0015787574883306
653.9,111.8,5.04,0.36,Potato,6,High,6.0,0,-0.5571926401776832,-0.09040775052022038
160.43,11.37,0.6,0.24,Potato,6,High,6.0,0,-0.4227320026899577,1.7408342777028258
337.48,27.98,2.26,19.05,Potato,2,High,2.0,2,0.1289772804391686,-0.19673646129609135
71.97,16.94,0.95,3.37,Vegetable,2,High,2.0,2,-0.3623192955454125,0.30011996492299653
542.49,6.93,26.16,29.67,Lunch/Snacks,4,,4.0,0,-0.2174074872588586,0.04098854988801608
208.87,32.34,7.41,6.42,Chicken,6,,6.0,0,-0.6008683577324047,1.2128834878408932
288.55,21.48,4.55,10.8,Chicken,6,,6.0,0,-0.2617798428965513,1.3558787826106564
768.51,2.32,4.71,11.19,Chicken,4,,4.0,0,0.5583257066386728,0.5788152926065094
129.03,51.57,7.66,6.05,Lunch/Snacks,4,High,4.0,0,-0.7481749434921389,0.2780647927336863
44.02,6.95,1.23,2.37,Vegetable,4,High,4.0,0,-0.4487447602652687,1.1763820110593797
239.36,56.72,18.03,0.13,Beverages,1,,1.0,2,-0.9989649128728754,-1.1629771853726218
359.0,1.65,1.11,20.55,Chicken,4,High,4.0,0,0.3494674260412904,0.8866040531048033
866.33,45.08,7.74,64.46,One Dish Meal,1,,1.0,3,1.3168459302244417,-1.567700730232539
682.73,31.36,5.7,3.58,Potato,2,High,2.0,2,0.17714823682846298,-0.4664857959564669
575.07,69.94,1.18,1.8,Vegetable,1,High,1.0,2,-0.03416144152214842,-1.125379511688271
125.95,7.85,5.38,0.83,Beverages,2,,2.0,2,-0.44362906375452443,0.25712978326941177
674.84,2.64,3.64,1.26,Vegetable,2,High,2.0,2,0.37183780800154126,0.04681531597112983
659.82,9.88,5.97,4.83,Breakfast,6,,6.0,0,0.08153897903653537,1.2743696301295007
137.63,191.21,2.05,5.33,Potato,2,High,2.0,2,-1.3513149029333997,-2.2484387559405246
288.55,21.48,4.55,10.8,Chicken,4,,4.0,0,-0.17587038970288638,0.63584653733735
462.41,3.49,6.71,0.93,Vegetable,6,High,6.0,0,-0.18776087508679765,1.5420845370698628
362.89,34.63,1.2,7.48,Pork,2,High,2.0,2,0.022565858885750315,-0.21048054606198133
626.61,10.72,4.47,5.9,Potato,1,High,1.0,2,0.35549266367771293,-0.485884937539984
436.03,7.66,22.3,23.03,Meat,4,High,4.0,0,-0.26415425352921795,0.23029272383316066
1767.53,9.96,4.16,70.4,Pork,4,High,4.0,3,2.830860252373491,-0.5128654885074214
416.01,1.84,17.99,1.41,Pork,1,High,1.0,2,-0.33805473845117123,-0.5262827275559027
33.36,33.62,19.04,13.24,Breakfast,4,,4.0,0,-1.088249776818547,0.26922895658095025
457.35,12.74,4.83,21.43,Chicken Breast,4,High,4.0,0,0.3266773474699277,0.5836293215394043
435.94,58.65,39.46,11.18,Dessert,1,High,1.0,1,-1.369693737160218,-1.976885147323766
592.12,27.54,2.97,21.88,Lunch/Snacks,4,,4.0,0,0.38148117723427,0.3353479371891745
285.01,2.2,15.81,0.76,Beverages,4,,4.0,0,-0.647823469753598,0.6953376363976467
858.67,5.07,7.47,1.84,Lunch/Snacks,1,High,1.0,2,0.5388632700249832,-0.6088006509289146
597.55,19.65,6.19,6.63,Lunch/Snacks,6,High,6.0,0,0.02267388092497774,1.1648024926083023
0.76,1.9,3.76,0.05,Vegetable,2,High,2.0,2,-0.5119895153874475,0.5065428343303987
452.39,89.19,3.73,18.72,One Dish Meal,4,,4.0,0,-0.23512036513105677,-0.46378580611247383
288.55,21.48,4.55,10.8,Lunch/Snacks,4,High,4.0,0,-0.17379699606917934,0.6395314057639417
400.37,23.75,2.21,8.54,Breakfast,2,,2.0,2,0.02515592410104488,-0.11636139797880646
288.55,21.48,4.55,10.8,Meat,1,High,1.0,2,-0.006503053097602112,-0.4384144031985166
409.99,13.61,1.96,8.77,Vegetable,4,High,4.0,0,0.06064772289326002,0.7870441007262258
31.65,5.42,6.69,13.25,Vegetable,6,High,6.0,0,-0.5470842535726514,1.7289641327220948
114.74,32.69,10.02,87.46,Pork,6,High,6.0,0,0.5688975394177245,0.740801869916042
70.81,27.0,11.18,0.21,Beverages,4,,4.0,0,-0.9261404874899487,0.608892774262727
1435.35,75.43,17.09,0.36,Lunch/Snacks,1,High,1.0,2,0.492801761584864,-2.194835527468195
12.97,28.68,11.74,0.61,Beverages,4,,4.0,0,-1.0231048423988076,0.6077168753441836
370.92,6.65,4.55,11.97,Lunch/Snacks,1,,1.0,2,0.1371166303125656,-0.2895399547263462
35.63,2.52,19.21,0.18,Beverages,1,,1.0,2,-0.9662528332879567,-0.3043672681772785
223.01,25.99,7.52,11.69,Meat,4,High,4.0,0,-0.3337030089796151,0.5443046480710064
239.9,51.13,131.39,3.38,Dessert,2,High,2.0,1,-4.8830390252728835,-3.5909783783776765
379.16,4.79,0.4,5.27,Chicken Breast,4,,4.0,0,0.12452847201191292,0.9540972363814754
1878.82,0.8,7.6,89.01,Chicken Breast,1,High,1.0,3,3.376728268757554,-1.7292133993950087
410.92,23.17,1.04,19.34,Meat,6,,6.0,0,0.15231363947454019,1.2999608276833199
242.1,6.68,0.25,29.82,Pork,4,High,4.0,0,0.35626622819714027,0.871599173444142
158.46,20.62,6.3,4.75,Vegetable,2,High,2.0,2,-0.4337042654471073,0.05269997546865398
487.86,142.22,5.21,1.09,Potato,6,High,6.0,0,-0.950863253362403,-0.41184678636452215
288.55,21.48,4.55,10.8,Lunch/Snacks,6,,6.0,0,-0.2938568766468478,1.3656517615975752
25.91,0.82,3.3,44.76,Chicken Breast,4,,4.0,0,0.2514563495280127,0.9427258814861103
1277.97,4.15,0.29,7.64,Pork,1,High,1.0,2,1.4598926108745478,-0.7301429190581272
84.27,5.07,8.97,0.38,Beverages,1,,1.0,2,-0.5669384878186747,-0.1221027226813728
293.86,11.43,3.16,0.98,Vegetable,2,High,2.0,2,-0.15894020278377557,0.18976717281670816
889.25,13.44,1.61,2.58,One Dish Meal,2,,2.0,2,0.6816446975396764,-0.2742602222307212
167.09,7.7,30.73,12.87,Dessert,6,,6.0,0,-1.324144689438337,0.9191587651645902
179.45,15.19,2.23,2.53,Potato,1,High,1.0,2,-0.22472668640150134,-0.17812451026868642
649.83,21.64,1.69,0.13,Meat,2,High,2.0,2,0.3335187340690635,-0.1873853244654858
1706.75,24.59,5.35,39.53,Meat,4,High,4.0,3,2.1125340047805072,-0.5247151790364627
406.05,128.22,18.58,15.06,Breakfast,2,,2.0,2,-1.0604723070166473,-2.0109706379283767
73.91,35.05,2.09,14.68,Vegetable,6,High,6.0,0,-0.4945153967429002,1.3937406159956502
581.04,38.52,0.1,82.85,Chicken Breast,1,High,1.0,3,1.63464652650345,-1.1764132185853606
908.63,42.53,1.21,46.13,Pork,4,High,4.0,3,1.2278427974168826,-0.18504412117330143
491.01,33.94,6.08,5.45,Dessert,4,,4.0,0,-0.26636932733760804,0.26766172938148725
1053.21,12.03,16.64,4.92,One Dish Meal,2,High,2.0,2,0.46072689501128566,-0.7510530175856834
87.17,13.21,0.39,158.81,Meat,4,,4.0,3,2.2175635627699375,0.13991310914556623
135.76,21.48,7.94,7.3,Chicken Breast,4,,4.0,0,-0.5137590237881957,0.6863926975830854
132.29,50.28,1.88,22.89,Breakfast,4,,4.0,0,-0.3185877002682202,0.33703420627320313
166.73,15.74,4.34,169.78,Meat,4,High,4.0,3,2.3851800315669878,-0.11429532031956434
92.21,8.53,0.24,14.14,Lunch/Snacks,4,High,4.0,0,-0.14350684185798332,1.0355099499065192
472.91,8.68,1.91,15.08,Meat,4,High,4.0,0,0.3407004795105539,0.7376130489467743
409.03,71.58,5.73,125.66,Chicken Breast,2,High,2.0,3,1.685128060438824,-1.5482779054408171
31.75,16.71,1.02,23.14,Breakfast,1,,1.0,2,-0.07868436714994888,-0.19043341452300053
76.21,91.25,6.12,3.27,Dessert,4,High,4.0,0,-1.1539850524676671,-0.24914573165206189
257.71,140.96,9.46,8.77,Breakfast,6,High,6.0,0,-1.2597890211096354,-0.39603441623404595
49.5,66.64,4.69,53.33,Breakfast,4,,4.0,0,-0.11682341328139732,-0.08090568231477926
771.52,96.03,1.49,7.52,Dessert,4,High,4.0,0,-0.06356146491396954,-0.686114673774042
718.34,16.61,8.54,4.52,Chicken,4,,4.0,0,0.16494185902176983,0.35815075125833695
288.55,21.48,4.55,10.8,Potato,4,High,4.0,0,-0.19450978893110255,0.6376344773763781
798.39,0.86,0.5,0.4,Vegetable,4,High,4.0,0,0.5481449647124472,0.7919033067139607
561.43,11.83,9.0,189.33,Pork,6,High,6.0,3,2.9926505662982175,0.17019614437632838
552.83,39.55,3.61,48.54,Potato,4,High,4.0,0,0.6905999409612505,0.016230044914504662
684.88,41.08,2.0,1.48,Beverages,2,,2.0,2,0.19467691340650928,-0.4948767485920818
970.22,177.22,1.8,6.44,Lunch/Snacks,2,High,2.0,2,-0.150180017703419,-2.6025302698161554
20.81,33.92,5.44,18.54,Lunch/Snacks,4,High,4.0,0,-0.4956842479279508,0.5768813260946584
561.44,43.26,0.14,96.27,Chicken Breast,6,,6.0,3,1.5524437434821996,0.4980806777165816
532.01,31.76,1.44,17.96,Lunch/Snacks,4,High,4.0,0,0.2998511424608785,0.3705500859867538
152.42,12.11,0.38,5.56,One Dish Meal,2,,2.0,2,-0.1635248961195831,0.24393453598395984
857.34,67.38,4.97,2.8,Dessert,4,,4.0,0,-0.00840456057494023,-0.39652673533415755
138.11,3.7,5.24,63.56,Chicken,4,High,4.0,0,0.6254356483576639,0.6535724641743733
482.51,26.21,5.29,18.93,Potato,4,High,4.0,0,0.13454376983383498,0.37849589175998277
288.55,142.28,50.17,0.47,Dessert,4,,4.0,1,-2.778832842001701,-2.1560217752496627
1251.42,12.28,0.17,0.59,Lunch/Snacks,4,High,4.0,0,1.0975159000726906,0.29773396196070034
23.64,102.52,14.22,61.22,One Dish Meal,4,High,4.0,0,-0.48628448640910615,-0.8752654878822783
111.1,37.55,6.6,239.57,Lunch/Snacks,2,,2.0,3,3.2723608708109446,-1.5565282555823967
958.28,50.02,0.98,9.27,Breakfast,6,High,6.0,0,0.4952724120303239,0.6098419806692055
134.48,45.5,37.08,0.2,Chicken,4,,4.0,1,-1.80648163987799,-0.33209275731442406
187.46,47.62,16.3,78.81,Pork,1,High,1.0,2,0.4275217616069265,-1.418610836842448
110.69,58.8,45.33,1.23,Dessert,6,High,6.0,1,-2.3675073478747275,-0.05021204512219161
416.12,3.43,1.05,10.12,Chicken,6,High,6.0,0,0.1550678303069514,1.6060752364132076
1199.2,40.96,1.55,29.53,Pork,6,High,6.0,0,1.2374705529163927,0.45269095689662237
94.27,383.06,5.98,39.61,Potato,1,High,1.0,2,-2.109914428732487,-5.5409346602933285
45.62,15.34,3.27,2.16,Breakfast,6,High,6.0,0,-0.6574888834959632,1.6798678967633478
288.55,21.48,4.55,10.8,Potato,4,High,4.0,0,-0.19450978893110255,0.6376344773763781
781.15,3.91,0.39,21.41,Pork,4,High,4.0,0,0.92028822737362,0.5992436031177356
1045.21,5.12,1.79,70.69,Meat,4,,4.0,3,1.9877283340931562,0.09571480859050271
288.55,21.48,4.55,10.8,Pork,4,High,4.0,0,-0.13704841614275148,0.6400604360628903
1337.71,3.84,8.48,0.95,Vegetable,6,High,6.0,0,0.8722558419234115,0.9153979544908146
2282.6,4.5,4.16,31.19,One Dish Meal,4,High,4.0,3,2.8583493261645785,-0.5849876326681325
259.36,20.05,3.45,91.16,Meat,4,High,4.0,3,1.205076898977146,0.2420469478641182
231.2,15.18,6.96,70.75,Chicken,1,High,1.0,2,0.8635079015952689,-0.7313468041120563
136.46,31.09,2.4,6.77,Potato,2,High,2.0,2,-0.35612970556061907,-0.039405312198979255
850.16,2.56,1.52,9.31,Lunch/Snacks,6,High,6.0,0,0.6553675754581325,1.3343368484502762
1007.85,3.43,5.78,59.23,Chicken Breast,4,High,4.0,3,1.6836598513352845,0.10694071885142992
521.78,76.37,12.63,8.62,Potato,6,High,6.0,0,-0.6307376977091006,0.25534416744509875
11.6,39.04,13.91,4.06,Dessert,4,,4.0,0,-1.2025255401155037,0.32966939003094153
268.04,77.7,2.43,0.88,Beverages,2,,2.0,2,-0.5895817770610906,-0.735435735143319
516.76,13.59,2.96,50.19,Chicken Breast,4,,4.0,0,0.9038082217831733,0.4178164258812506
34.97,16.88,4.54,14.04,Vegetable,4,High,4.0,0,-0.44096498874535955,0.8956004111719217
123.02,202.66,16.0,8.14,Dessert,6,High,6.0,0,-2.121415876939131,-1.378700907515013
578.4,9.43,4.4,8.36,Chicken Breast,1,High,1.0,2,0.4291978585940339,-0.4441150054469475
199.54,9.1,8.17,10.1,Meat,6,High,6.0,0,-0.3943467149939696,1.5078458271426955
1205.68,2.78,1.24,109.92,Meat,6,,6.0,3,2.7907438197745438,0.5283740813580856
259.95,18.93,5.08,0.33,Vegetable,6,High,6.0,0,-0.4966295008397345,1.504713869482266
288.55,21.48,4.55,10.8,Vegetable,2,High,2.0,2,-0.11225963395155854,-0.03736974935761299
877.29,16.62,37.05,21.09,Pork,4,High,4.0,1,-0.29052257519135455,-0.5376456495890822
298.69,1.18,11.47,0.03,Beverages,6,,6.0,0,-0.573964079208062,1.5311168007740708
265.71,11.68,11.7,0.79,Vegetable,2,High,2.0,2,-0.49104622777948725,-0.0033352847488532854
288.55,21.48,4.55,10.8,Pork,6,High,6.0,0,-0.22295786933641643,1.3600926813361967
182.21,11.66,0.91,73.94,Chicken Breast,4,High,4.0,0,0.9843685538409405,0.572201493697949
235.91,43.2,41.24,4.27,Dessert,1,High,1.0,1,-1.706350692701143,-1.6335996639652728
75.89,22.51,8.18,17.64,Meat,6,High,6.0,0,-0.5107564803874296,1.359242852915321
434.29,64.57,2.91,7.16,Potato,2,High,2.0,2,-0.19112620248184997,-0.7162171783710855
1362.81,26.21,1.94,125.43,Chicken Breast,4,,4.0,3,3.1924179208642514,-0.7275939791909006
275.96,29.94,13.22,7.49,Chicken,1,High,1.0,2,-0.43163777096470307,-0.7528725253747991
708.64,45.44,4.55,221.91,Chicken Breast,6,High,6.0,3,3.6933002477278642,-0.47177422947792647
338.74,70.14,0.58,13.36,Chicken,4,,4.0,0,-0.23293978364845608,0.00893309889162847
75.17,6.45,8.59,0.73,Beverages,2,High,2.0,2,-0.5771345341775865,0.22594596521385704
90.01,60.18,15.52,17.64,Breakfast,4,,4.0,0,-0.9859808205064036,-0.07652289104044982
2.14,20.11,0.16,1.42,Beverages,4,,4.0,0,-0.5758272621452689,1.0131187185370691
288.55,21.48,4.55,10.8,Lunch/Snacks,4,High,4.0,0,-0.17379699606917934,0.6395314057639417
255.58,47.45,1.58,4.92,Vegetable,4,High,4.0,0,-0.39627293049052104,0.4504170156046587
259.83,89.3,1.61,6.0,Breakfast,4,,4.0,0,-0.665701846592573,-0.18499287227966688
110.07,4.07,9.1,8.88,Potato,6,High,6.0,0,-0.5892037821631595,1.6171365997677782
460.49,18.84,16.96,52.0,Chicken,4,,4.0,0,0.3201368959903476,0.01597832177228057
46.66,4.7,13.11,35.28,Chicken,1,,1.0,2,-0.14031551207543186,-0.4028778254330132
50.94,37.18,0.5,10.84,Breakfast,1,,1.0,2,-0.3660443211747738,-0.4035557761891981
90.95,15.03,5.32,19.29,Breakfast,1,High,1.0,2,-0.16878330372717593,-0.29537646146178353
64.36,11.28,12.47,20.87,Potato,4,High,4.0,0,-0.5225322269229415,0.6750190710956553
2051.34,2.46,2.12,69.62,Chicken,2,High,2.0,3,3.378763186750203,-1.2719652860909845
128.3,14.75,3.01,16.34,Pork,4,High,4.0,0,-0.15678225588107075,0.8451081386282788
71.87,31.44,1.34,32.45,Chicken Breast,2,,2.0,2,0.07086111455375904,-0.11381581131020731
338.71,59.94,12.26,30.72,Breakfast,4,,4.0,0,-0.33770453354516616,-0.2334014188048218
633.87,16.11,2.47,7.25,Lunch/Snacks,6,,6.0,0,0.19403623283159355,1.283678625323152
291.64,2.12,42.8,11.05,Breakfast,6,,6.0,1,-1.4961136406234887,0.6866653732601176
126.96,19.11,18.17,0.18,Beverages,4,,4.0,0,-1.044576382777025,0.5102793179674112
141.15,68.04,1.48,6.95,Meat,4,High,4.0,0,-0.5697652029688283,0.18954166847312282
288.55,21.48,4.55,10.8,Vegetable,4,High,4.0,0,-0.1981690871452235,0.6826624959156932
169.83,42.42,1.98,31.1,Meat,4,High,4.0,0,0.007676417162997693,0.3744213764902241
262.09,2.8,8.68,0.08,Beverages,6,,6.0,0,-0.5348469354079033,1.600883126692966
1073.39,8.32,16.11,8.15,Lunch/Snacks,4,,4.0,0,0.4409671693435421,0.041954805494103374
108.62,13.68,6.72,0.23,Beverages,2,,2.0,2,-0.5573572104571283,0.15819225706279363
378.65,38.0,5.39,24.04,Meat,6,,6.0,0,-0.05078219216522438,0.9813268663367339
617.5,14.68,9.88,3.12,Dessert,6,High,6.0,0,-0.2057427237231694,1.086047473886619
237.97,3.35,1.21,5.4,Vegetable,6,High,6.0,0,-0.21296231375120625,1.801228804336117
150.83,118.2,0.75,6.27,Potato,4,High,4.0,0,-0.9113539720664677,-0.49609189625492656
602.74,28.03,2.92,5.8,Breakfast,1,,1.0,2,0.23162391638152818,-0.6710890341194834
468.76,35.6,1.99,20.66,Meat,4,High,4.0,0,0.25954772316698627,0.33194969447997236
652.18,53.19,28.18,2.6,Breakfast,6,,6.0,0,-0.989231183614646,0.14606187138107377
715.66,8.98,1.97,0.93,Vegetable,4,High,4.0,0,0.35077296896458104,0.6946171064469198
1830.28,3.92,1.83,44.74,Chicken Breast,1,High,1.0,3,2.75859670742076,-1.3425125886681513
536.42,8.87,2.08,38.47,Chicken Breast,4,High,4.0,0,0.8280152830190995,0.5538232624115098
94.04,5.17,0.68,0.01,Beverages,2,,2.0,2,-0.32131213398956626,0.43541327978020034
332.19,25.86,1.04,20.25,Meat,4,High,4.0,0,0.1699686616206224,0.58320175679384
240.52,19.5,5.64,2.44,Pork,4,High,4.0,0,-0.3621573810164059,0.7210414351336629
199.34,22.88,32.7,0.15,Beverages,2,,2.0,2,-1.385221055709366,-0.665945387924113
76.28,119.63,0.41,17.79,Lunch/Snacks,4,High,4.0,0,-0.7925335270595564,-0.5232392491175007
1263.15,5.14,16.54,100.46,Meat,2,High,2.0,3,2.3771941264594942,-1.3087494137201217
187.41,19.12,86.97,4.49,Dessert,6,,6.0,1,-3.4257250373704746,-0.5829337628266894
288.55,21.48,4.55,10.8,Vegetable,4,High,4.0,0,-0.1981690871452235,0.6826624959156932
1646.83,101.11,2.77,14.87,Meat,1,High,1.0,3,1.3733659335386772,-2.4224194054627968
158.84,19.75,12.66,10.07,Breakfast,4,,4.0,0,-0.6769517441151043,0.5538284416798425
11.73,17.57,6.07,0.91,Beverages,4,,4.0,0,-0.7579718705910182,0.9001733430073459
402.0,47.57,0.36,0.02,Beverages,6,,6.0,0,-0.3479817028874688,1.0905585825560191
999.98,36.65,5.66,16.72,Chicken Breast,4,High,4.0,0,0.7689727838698078,-0.10021853551097937
48.93,65.68,1.62,9.55,Meat,4,High,4.0,0,-0.6351801345193697,0.2647700831329564
310.52,12.54,3.21,1.6,Chicken Breast,6,,6.0,0,-0.2537179096321056,1.564170464857808
305.09,21.98,30.6,11.79,Lunch/Snacks,4,High,4.0,0,-1.0279185566057396,-0.0226076285667387
726.23,42.72,1.62,19.19,One Dish Meal,6,High,6.0,0,0.4297752699144048,0.7640171546559208
1503.92,13.49,4.79,1.9,Chicken Breast,6,,6.0,0,1.2215645996346611,0.7220076683089096
151.88,7.41,6.09,40.24,One Dish Meal,4,High,4.0,0,0.19278207129614552,0.6826102519895695
114.08,15.13,1.81,38.6,Chicken,1,High,1.0,2,0.3566217936315177,-0.3407168363402759
295.62,22.47,29.72,7.76,Dessert,6,High,6.0,0,-1.2662614251398931,0.6772614128436468
538.88,6.84,6.95,43.91,One Dish Meal,2,,2.0,2,0.7756914556303252,-0.32145678276320894
108.28,60.94,7.79,55.46,One Dish Meal,4,High,4.0,0,0.0018637178259088595,-0.16236182076777336
716.79,24.93,3.32,16.11,Meat,6,High,6.0,0,0.43649531818075205,1.0301544920109642
245.53,4.92,22.74,82.39,Chicken,6,,6.0,0,0.35061852729019244,0.7536881527522842
374.35,15.19,9.22,2.49,Dessert,2,High,2.0,2,-0.33672614833835035,-0.180623690210538
125.76,9.18,0.54,85.32,Chicken Breast,2,High,2.0,2,1.2143423787327137,-0.13295004149880976
452.51,2.86,9.5,16.78,Chicken,2,,2.0,2,0.16499323357118972,-0.0897420579809949
403.7,1.97,13.94,1.08,Breakfast,4,,4.0,0,-0.4462954927637982,0.6598595995229027
144.28,39.63,8.81,14.59,Pork,4,High,4.0,0,-0.5161658667483098,0.3567679977225069
182.76,530.42,5.8,5.01,Potato,4,High,4.0,2,-3.5987888460201556,-6.362283172554031
1542.53,14.73,5.71,29.92,Lunch/Snacks,4 as a snack,High,4.0,3,1.7548509034811786,-0.23484266579015525
361.17,21.52,3.38,19.22,Lunch/Snacks,6,,6.0,0,-0.021566579701616143,1.2969971991125662
49.2,173.93,3.53,5.96,Breakfast,2,,2.0,2,-1.4364894871152993,-1.9887911456162635
18.23,22.32,5.14,18.37,Potato,6,High,6.0,0,-0.5268552031262248,1.4662649158131023
288.55,21.48,4.55,10.8,Pork,6,High,6.0,0,-0.22295786933641643,1.3600926813361967
286.7,29.92,2.8,28.07,Breakfast,4,High,4.0,0,0.09319569827383094,0.45929793354314497
796.74,44.85,2.36,3.44,Potato,4,High,4.0,0,0.2660641251886775,0.07342818783950732
259.32,90.65,3.8,85.81,One Dish Meal,1,High,1.0,2,0.7806604794854314,-1.833169203715777
725.82,41.68,1.51,7.78,Potato,6,High,6.0,0,0.209633826604175,0.8800548523101497
1179.5,0.31,13.7,1.42,One Dish Meal,4,High,4.0,0,0.6511126738239678,0.14075784669758243
349.29,6.18,1.92,25.18,Vegetable,2,High,2.0,2,0.387704587460352,0.11625159920238501
891.7,3.0,4.97,31.36,Breakfast,4,High,4.0,0,1.014914675279805,0.36141735835021
189.27,9.54,6.47,0.34,Beverages,6,,6.0,0,-0.5899623277102483,1.6079942138625898
108.58,21.67,0.24,11.24,Vegetable,1,High,1.0,2,-0.1468924241323866,-0.178023212967479
51.81,25.43,0.87,42.7,One Dish Meal,2,,2.0,2,0.22424988417044223,-0.10194628165799284
47.89,4.2,11.78,0.93,Beverages,6,,6.0,0,-0.9097496566643795,1.642040204222326
29.19,1.33,66.03,2.56,Dessert,6,High,6.0,1,-2.802659624459182,0.28719937046731414
27.11,22.63,4.93,0.0,Beverages,1,,1.0,2,-0.6166980241407404,-0.22713866958563803
751.18,163.33,13.71,29.39,Lunch/Snacks,6,,6.0,0,-0.5775687205325288,-1.2435600211818378
1272.1,3.13,0.73,25.44,Chicken Breast,1,,1.0,2,1.7313922277876168,-0.8178380144876828
1241.83,6.01,10.36,11.99,Pork,4,High,4.0,0,1.0018099315911204,0.07589475615870002
511.39,6.26,7.17,6.62,Dessert,4,High,4.0,0,-0.05365024796996516,0.5992787170189597
67.72,11.03,5.32,40.39,Pork,1,High,1.0,2,0.2369926234397826,-0.3392155639842186
354.02,15.36,26.97,64.15,Chicken Breast,2,High,2.0,2,0.21658343263498478,-0.8948009179202194
54.97,3.72,7.26,1.08,Vegetable,4,High,4.0,0,-0.6419201650580999,1.0737059189544491
553.67,2.65,1.7,7.96,Vegetable,4,High,4.0,0,0.3077130804374236,0.8554910634710066
28.33,66.3,0.77,10.13,Lunch/Snacks,6,,6.0,0,-0.7852871111528061,1.0112559507495968
546.1,26.13,3.17,19.42,Chicken,6,High,6.0,0,0.2638844529162887,1.0988738906196174
525.28,62.46,1.27,10.85,Lunch/Snacks,1,High,1.0,2,0.1192647733649007,-1.0863176282592686
394.55,50.96,2.45,66.4,Chicken,1,,1.0,2,0.9005081923904048,-1.1946636081992752
392.95,103.46,4.97,1.06,Vegetable,6,High,6.0,0,-0.8301357471251234,0.24059303955920422
920.73,9.91,38.66,0.36,Dessert,4,High,4.0,1,-0.7292458878831017,-0.45749043170214615
208.66,15.21,1.6,12.43,Chicken Breast,2,,2.0,2,0.005459371686594012,0.13100185476041273
225.87,6.19,2.97,2.89,Chicken,1,,1.0,2,-0.11049975292298636,-0.10573470025839418
139.19,20.1,18.4,3.95,Breakfast,4,High,4.0,0,-0.9673656656561227,0.45063037185008925
7.55,54.19,0.91,14.18,Lunch/Snacks,1,High,1.0,2,-0.42619471548377813,-0.6397932204463848
1295.21,34.77,0.75,171.22,Meat,2,High,2.0,3,3.9471996432794443,-1.7647364207574598
42.13,1.83,2.68,11.43,Breakfast,4,,4.0,0,-0.35338665607188413,1.1167174309972152
339.8,2.81,3.03,0.24,Beverages,4,,4.0,0,-0.1539748988223315,0.9669308014198412
27.78,25.23,17.58,0.04,Beverages,4,,4.0,0,-1.1915665020260044,0.5060323582831115
82.32,16.44,2.86,16.22,Breakfast,2,,2.0,2,-0.2325747708266232,0.13492481197084435
14.96,37.05,15.71,0.01,Beverages,4,,4.0,0,-1.2174027933786529,0.39625076603278553
581.97,8.29,29.15,0.43,Beverages,4,,4.0,0,-0.7650887110364247,0.08942873369186467
46.34,18.24,0.15,1.58,Vegetable,4,High,4.0,0,-0.49145323269220637,1.0490029492638302
1177.94,48.25,0.78,18.3,Pork,2,High,2.0,2,1.1773859506947029,-0.99068094372863
260.15,23.07,71.52,3.22,Dessert,2,High,2.0,1,-2.6447793853511676,-1.7459766882735812
350.61,73.29,17.77,1.98,Dessert,4,High,4.0,0,-1.1105181135985538,-0.45893863623360215
470.68,2.71,3.92,31.4,Breakfast,1,,1.0,2,0.6081058130765703,-0.40483446142793206
333.01,19.44,0.69,12.47,Meat,1,High,1.0,2,0.22239491727778923,-0.3545034795146484
0.3,5.19,0.96,1.51,Beverages,4,,4.0,0,-0.5122253644524387,1.2015466002832174
883.12,70.81,6.85,94.0,Chicken,6,,6.0,3,1.4972745482479792,-0.2610425668845946
1110.54,27.97,3.96,28.65,One Dish Meal,4,High,4.0,3,1.1760467480117016,-0.11713318767591394
529.26,100.7,5.88,9.6,Vegetable,4,High,4.0,0,-0.4420265166976016,-0.6029423680613706
145.89,30.54,8.47,0.82,Beverages,4,,4.0,0,-0.7490971557858568,0.5729822857160024
275.18,5.41,7.9,0.73,Chicken Breast,2,,2.0,2,-0.25776560083515,0.13662389176089754
856.4,53.27,11.63,6.4,Vegetable,4,High,4.0,0,0.019924828546035063,-0.28235025673017367
37.74,34.94,13.91,25.6,Breakfast,4,,4.0,0,-0.710947504227553,0.3021054697451632
135.85,23.89,12.38,14.89,Potato,1,High,1.0,2,-0.47558175348561893,-0.5906427421860524
139.52,26.54,3.08,6.83,Chicken Breast,4,,4.0,0,-0.38205441582096195,0.7354394519933156
217.57,8.43,7.26,78.47,Chicken Breast,4,,4.0,0,0.8738585939361634,0.4179133235944695
380.75,24.12,2.81,7.02,Potato,4,High,4.0,0,-0.09581332079225764,0.6045849790107382
7.39,4.47,11.62,10.75,Vegetable,4,High,4.0,0,-0.6960398021496604,0.9318093091597112
2.98,9.81,28.58,19.11,Chicken Breast,1,,1.0,2,-0.9917722912809909,-0.7181085027690208
32.36,1.5,13.67,12.09,Breakfast,1,High,1.0,2,-0.5648397764448297,-0.23158435040507794
463.52,5.19,17.61,0.42,Beverages,1,,1.0,2,-0.37551931623676643,-0.5863567693527107
264.13,39.05,2.97,23.04,Chicken,4,High,4.0,0,-0.02437351421710784,0.36951704926638546
229.68,10.72,5.74,1.34,Vegetable,4,High,4.0,0,-0.4048156497653258,0.8967447646033584
161.81,16.8,30.56,0.14,Beverages,4,,4.0,0,-1.4090173991300106,0.2158896315268505
138.81,12.91,14.61,0.04,Beverages,1,,1.0,2,-0.7432640816638113,-0.40336486262352694
363.51,23.52,0.5,78.49,Chicken Breast,1,High,1.0,2,1.3621149160550508,-0.8087709789907722
600.99,195.8,5.25,23.11,One Dish Meal,4,High,4.0,0,-0.6452306645752104,-2.1123116951325334
452.67,21.28,12.13,144.71,Chicken Breast,2,High,2.0,3,2.147760351089895,-1.1453669895071747
74.78,2.97,7.55,0.7,Beverages,6,,6.0,0,-0.7272203733016267,1.7463835757922042
539.11,13.46,0.83,13.39,Chicken Breast,4,High,4.0,0,0.4303062013163007,0.6642437775766116
93.5,39.28,2.57,23.68,Breakfast,4,,4.0,0,-0.31111656069263494,0.4940388076474753
493.26,3.1,5.43,17.35,Breakfast,2,,2.0,2,0.3073852237888899,-0.02074577487292085
10.66,2.32,0.08,73.42,Pork,6,High,6.0,0,0.7286856354871443,1.5566303054797421
196.69,1.89,1.48,1.81,Chicken Breast,6,,6.0,0,-0.271663656610819,1.8285700971965384
448.59,181.98,36.47,12.03,One Dish Meal,6,High,6.0,1,-2.0901528428388376,-1.8005685403187046
288.55,21.48,4.55,10.8,Vegetable,1,High,1.0,2,-0.06930490735472607,-0.3973858719942661
133.7,50.22,0.1,32.71,Chicken Breast,6,,6.0,0,-0.09057701419176725,1.053299048195141
534.7,0.99,0.32,3.17,Potato,1,High,1.0,2,0.3938317559361695,-0.17239734727656536
76.76,0.65,48.21,0.2,Beverages,4,,4.0,1,-2.01984344067338,0.06354344149995723
288.55,21.48,4.55,10.8,Chicken,2,High,2.0,2,-0.05581050912521786,-0.09027381849628333
689.29,5.14,1.13,12.72,Vegetable,4,High,4.0,0,0.5645939755190302,0.7176678388255775
879.61,0.03,8.34,7.83,Chicken Breast,4,High,4.0,0,0.6011362647088566,0.4740479962884477
117.95,17.11,6.67,1.15,Beverages,2,,2.0,2,-0.5495404318425946,0.10025508682638
288.55,21.48,4.55,10.8,Vegetable,4,High,4.0,0,-0.1981690871452235,0.6826624959156932
84.83,26.93,43.34,10.52,Dessert,6,,6.0,1,-2.016987746358778,0.41079866090318395
60.62,140.98,148.75,5.53,Dessert,1,,1.0,1,-6.213266416717177,-5.513077481232342
513.03,2.18,0.13,49.14,Lunch/Snacks,2,High,2.0,2,1.1046832647591105,-0.07445582281847643
51.19,39.96,8.11,18.31,Potato,4,High,4.0,0,-0.6094880332343051,0.4068613569967074
226.38,13.44,0.45,37.7,Potato,4,High,4.0,0,0.36082249420316265,0.7350469204442177
203.16,16.61,54.33,0.59,Beverages,4,,4.0,1,-2.1582554708193205,-0.39403704335310213
288.55,21.48,4.55,10.8,Chicken Breast,6,High,6.0,0,-0.19598755179183097,1.362197194187121
1375.2,18.79,27.83,29.6,Meat,2,,2.0,3,0.8434756362471035,-1.4324695161443664
1715.48,44.66,6.67,32.98,Pork,4,High,4.0,3,1.8450497206092626,-0.8053652702571943
1440.69,30.59,5.78,30.63,Lunch/Snacks,6 as a snack,High,6.0,3,1.4502077693304254,0.32623992822133147
473.41,9.91,1.84,6.57,Potato,4,High,4.0,0,0.13601323437910157,0.767223542425046
927.15,0.05,1.73,12.29,Potato,4,High,4.0,0,0.876923896986616,0.5740035213588185
238.3,0.21,9.43,2.64,Meat,2,,2.0,2,-0.3189029097505747,0.1841526707317375
241.33,32.19,1.43,1.0,Vegetable,2,High,2.0,2,-0.294618408595193,-0.021737928900562406
213.0,55.84,11.98,1.19,Chicken Breast,4,High,4.0,0,-0.8309591372377437,0.08815352152079559
61.82,15.63,5.23,19.06,Pork,4,,4.0,0,-0.3122406815844256,0.812712323245846
288.55,21.48,4.55,10.8,Meat,2,,2.0,2,-0.08360820707843812,-0.07231017000153633
426.27,14.98,9.75,4.48,Breakfast,2,,2.0,2,-0.2121899390905106,-0.1728853317304754
34.97,2.73,30.32,4.95,Breakfast,2,High,2.0,2,-1.298310920668986,-0.25712445873175516
567.1,15.55,9.34,14.1,Chicken,4,,4.0,0,0.10900468152625872,0.39767967778435726
219.66,24.36,5.33,1.32,Breakfast,2,High,2.0,2,-0.40220087632121454,-0.04616340094041612
242.85,28.81,1.99,8.57,Breakfast,1,,1.0,2,-0.15696290881531633,-0.43740219206193254
148.17,39.47,0.16,14.83,Lunch/Snacks,4,,4.0,0,-0.2820350425662792,0.5726141871019167
184.4,4.82,4.14,33.31,Chicken Breast,4,,4.0,0,0.21167559083473098,0.8281879479303484
22.02,31.2,0.74,70.07,Chicken Breast,1,High,1.0,2,0.7293536987603505,-0.6469597239812721
349.19,27.38,12.55,97.89,One Dish Meal,4,High,4.0,3,1.0578093444839298,-0.21771977320861138
372.27,81.52,3.77,22.74,One Dish Meal,4,High,4.0,0,-0.19127366648146107,-0.33462529175000816
1635.46,35.0,9.39,42.13,Pork,1,,1.0,3,1.9554056882550988,-1.8119086261626587
3.07,45.74,16.77,9.36,Breakfast,4,,4.0,0,-1.1884776620213224,0.1989373395088444
419.28,15.86,0.59,10.0,One Dish Meal,4,High,4.0,0,0.17019920493560584,0.6985688918830266
531.11,3.21,0.84,56.19,Chicken,1,High,1.0,2,1.2891571480798825,-0.5287643799491256
185.75,26.67,2.21,22.35,One Dish Meal,1,,1.0,2,0.04839490277834245,-0.4826019689698173
220.68,4.86,2.98,18.9,Vegetable,4,High,4.0,0,0.004804336612784406,0.9500141879912991
617.84,16.31,4.25,9.59,Chicken Breast,1,High,1.0,2,0.46294846845452864,-0.5692361884702308
288.55,21.48,4.55,10.8,Lunch/Snacks,4,,4.0,0,-0.2079474234531829,0.6456195163242688
504.2,27.24,0.77,8.58,Meat,2,,2.0,2,0.24961492150239106,-0.18932030283523768
128.3,210.77,112.24,13.02,Dessert,4,,4.0,1,-5.314987012107367,-4.59610755342264
551.3,126.97,1.51,9.77,Breakfast,4,,4.0,0,-0.4578065216551111,-0.9204669752189004
23.45,17.98,7.1,9.73,Potato,2,High,2.0,2,-0.5316775324510439,0.08509303543419877
580.33,22.17,3.77,9.22,Potato,4,High,4.0,0,0.17576485400079933,0.46353849193933466
197.11,4.74,18.82,2.55,Beverages,1,,1.0,2,-0.7202986320816922,-0.4460856824117496
467.47,55.6,2.24,51.15,Meat,6,,6.0,0,0.5115153916303238,0.5981568311598968
288.55,21.48,4.55,10.8,Chicken,1,,1.0,2,-0.04700620991238895,-0.44420183057260937
451.79,19.64,4.16,5.37,Vegetable,6,High,6.0,0,-0.14014260082801366,1.3614383876410079
268.36,12.29,6.46,78.25,Chicken,4,,4.0,0,0.9072401931702431,0.3391910589636734
373.3,113.99,3.05,7.32,One Dish Meal,2,,2.0,2,-0.5688345145057542,-1.3934734591917055
815.86,68.71,0.98,66.9,Chicken Breast,2,High,2.0,3,1.4127719825422094,-1.3202308365386108
10.6,64.88,1.62,23.77,Lunch/Snacks,2,,2.0,2,-0.4304509620021721,-0.4972427849282109
1.56,59.87,6.57,35.0,Pork,4,High,4.0,0,-0.40902218294124,0.10641410657001828
246.78,12.58,2.81,23.36,Pork,2,High,2.0,2,0.21751848556249728,0.04117061740086834
801.72,40.78,4.82,44.03,Meat,6,High,6.0,0,0.8593621388445212,0.5552016111195124
52.08,75.39,49.53,28.37,Pork,6,High,6.0,1,-2.100984047835661,-0.4372060865998057
748.98,38.66,2.53,32.23,Pork,6,,6.0,0,0.6515474101212975,0.7485394110184055
87.04,7.73,84.96,9.45,Dessert,1,High,1.0,1,-3.0846802709807433,-2.143976620191068
372.33,11.65,5.53,34.21,Pork,2,High,2.0,2,0.47119891922059237,-0.1584076978623036
351.61,18.84,10.87,9.62,Chicken,2,,2.0,2,-0.228025143258832,-0.2372365500306808
306.9,19.65,10.34,28.37,Pork,2,High,2.0,2,0.07725653455531989,-0.3104091279038582
287.32,10.24,2.32,2.18,Beverages,1,,1.0,2,-0.08172486653589872,-0.17553762571834722
212.4,19.2,2.25,23.78,Breakfast,2,,2.0,2,0.06330274013053144,-0.018236570586395506
296.23,8.84,5.1,0.68,Beverages,6,,6.0,0,-0.39615499374719304,1.5786627137563634
902.54,6.5,7.17,41.6,Pork,2,High,2.0,2,1.2491571482359574,-0.5201804298571265
495.13,32.85,4.24,14.21,Potato,6,High,6.0,0,-0.018413006578467814,1.0510048008678443
565.23,91.95,13.44,3.21,Potato,1,,1.0,2,-0.6075015227855903,-1.7723731208165134
51.87,31.1,4.06,48.65,Chicken Breast,2,,2.0,2,0.2229522739355565,-0.25643143019542036
101.96,32.47,11.44,3.18,Vegetable,4,High,4.0,0,-0.8662895370187532,0.5284926143930981
9.52,6.4,8.36,49.57,Meat,1,High,1.0,2,0.2409368052945792,-0.3625612329402676
98.67,1.43,7.73,8.14,Chicken,4,High,4.0,0,-0.41441012935925964,0.9713177383047253
77.75,21.41,3.51,3.12,Vegetable,4,High,4.0,0,-0.5597824588653737,0.8929131215684248
51.84,77.02,5.09,6.57,Pork,4,High,4.0,0,-0.8706251039925965,0.035897076658299755
288.55,21.48,4.55,10.8,Chicken Breast,4,,4.0,0,-0.14422852598216956,0.6482530594741417
478.18,89.41,0.58,9.66,Lunch/Snacks,4,,4.0,0,-0.26606326669042596,-0.3197759245045583
192.8,78.29,0.41,1.62,Potato,1,High,1.0,2,-0.548678093165391,-1.013959870595877
1275.23,33.13,8.34,44.23,Chicken,4,,4.0,3,1.4421370168760221,-0.4645995644167797
780.48,7.03,2.08,9.93,Lunch/Snacks,1,High,1.0,2,0.7444832295239217,-0.49914437074256934
74.47,30.82,1.86,4.8,Breakfast,2,,2.0,2,-0.4861922004233112,0.03096640662006821
234.26,9.58,10.0,2.88,Potato,4,High,4.0,0,-0.5080791472159182,0.7511894486912154
45.02,8.83,0.8,3.57,Breakfast,1,,1.0,2,-0.32997362147466436,0.029113276293717436
382.43,62.95,19.81,180.06,Pork,4,High,4.0,3,2.012299495067459,-1.3532295871876803
818.56,94.81,4.13,2.56,Breakfast,6,,6.0,0,-0.21211923163044855,0.0474740373698495
368.09,6.7,0.68,8.16,Lunch/Snacks,1,,1.0,2,0.2020690720447591,-0.17142540442713136
41.29,4.45,3.04,9.08,Chicken Breast,4,,4.0,0,-0.3334909851875774,1.0952666079070572
26.14,48.43,1.98,30.48,Lunch/Snacks,4,High,4.0,0,-0.2622135093846519,0.38732876173248465
438.66,127.47,3.61,0.07,Dessert,2,High,2.0,2,-0.7935373259488375,-1.6319329584761126
131.92,7.94,2.42,3.56,Vegetable,1,High,1.0,2,-0.2341499880556012,-0.011566053799937796
236.62,9.67,0.81,9.07,Potato,6,High,6.0,0,-0.1754463358444983,1.6577997615966495
68.54,7.55,17.68,0.93,Beverages,4,,4.0,0,-1.0192375702323808,0.7171914105684172
113.12,87.56,16.96,1.55,Breakfast,2,High,2.0,2,-1.3204146951992204,-1.1404622113089158
544.01,39.29,1.75,2.3,Chicken Breast,6,High,6.0,0,-0.02332321796193589,1.0637985458823354
200.73,9.04,2.22,4.72,Breakfast,4,,4.0,0,-0.28988003503127246,0.9618928636252266
724.43,5.18,2.1,10.67,One Dish Meal,6,High,6.0,0,0.5007955490505325,1.324509355586358
368.49,27.38,13.43,0.63,Chicken,4,,4.0,0,-0.5811082437223399,0.3423127195220736
390.39,50.5,1.84,32.66,Lunch/Snacks,1,High,1.0,2,0.36182139798191454,-0.9713528529629354
299.82,40.79,4.36,1.06,Chicken Breast,6,High,6.0,0,-0.45520628565440036,1.1475034579385583
105.95,55.8,0.07,7.55,Vegetable,2,High,2.0,2,-0.45846746421640205,-0.26502185377630266
541.86,53.39,1.1,8.41,Vegetable,4,High,4.0,0,0.008436642815523449,0.17026027939143373
225.36,23.06,7.59,21.57,Chicken Breast,4,,4.0,0,-0.1602097351791381,0.5311160694047781
510.79,48.79,1.87,7.22,Lunch/Snacks,1,High,1.0,2,0.10414349907662938,-0.8804422258570371
2029.33,25.08,0.61,54.0,One Dish Meal,1,High,1.0,3,3.0349865924076913,-1.8288717162852939
146.87,76.13,1.65,93.14,Chicken,1,,1.0,2,0.8985261415810114,-1.5161619663064212
321.95,1.41,10.76,112.64,Meat,1,High,1.0,3,1.6353761902532271,-0.9239774339752983
1580.48,16.2,8.67,10.55,Meat,4,,4.0,3,1.374643655527022,-0.23203434853666666
138.64,17.79,8.52,6.82,Vegetable,2,High,2.0,2,-0.48314291283250066,0.03871195187869055
995.98,54.44,16.15,132.87,Chicken Breast,2,,2.0,3,2.272923462073614,-1.9889945052652953
1610.06,42.58,0.24,48.54,Meat,4,High,4.0,3,2.2015404725565397,-0.6377992148807929
561.72,18.83,11.76,5.69,Dessert,4,,4.0,0,-0.27257119049942985,0.2903098722093261
26.16,32.73,1.32,0.73,Potato,2,High,2.0,2,-0.5708701891564097,0.07215610858660271
1291.46,63.62,8.22,18.86,Lunch/Snacks,1,High,1.0,2,0.9900823234544242,-1.825437790860747
813.82,33.77,1.68,1.01,Chicken,4,,4.0,0,0.3576781235329854,0.2450841949909526
542.56,7.52,7.82,40.74,Pork,4,High,4.0,0,0.6590217597178688,0.41257150782494373
131.94,1.19,1.89,0.07,Beverages,4,,4.0,0,-0.3744356219812954,1.1557078667094982
338.77,13.88,1.69,0.24,Beverages,2,,2.0,2,-0.09175625589064612,0.12658494078629604
269.46,70.53,6.52,23.25,Potato,4,High,4.0,0,-0.38156020762112697,-0.15183836326170166
332.63,25.69,6.66,1.73,Beverages,4,,4.0,0,-0.4030262844077172,0.5560934016552964
0.54,30.59,10.45,0.36,Beverages,6,High,6.0,0,-1.0626831846636278,1.3363991054129771
732.96,8.31,0.91,0.68,Potato,6,High,6.0,0,0.3268415394178919,1.3949330188457443
0.59,18.82,58.0,16.44,Dessert,2,High,2.0,1,-2.271154931681155,-1.2606379286138596
291.89,36.28,63.14,7.02,Dessert,4,High,4.0,1,-2.422402501896711,-1.047110107287077
458.66,7.37,13.37,78.76,Chicken Breast,1,,1.0,2,1.114714318864308,-0.9581413415626916
135.07,26.32,4.58,7.11,Potato,4,High,4.0,0,-0.4832186638417624,0.6924284202222444
16.87,61.77,5.91,10.32,Breakfast,1,High,1.0,2,-0.7199777561959225,-0.8584539601100026
375.59,15.42,7.6,17.7,One Dish Meal,4,High,4.0,0,0.005342365202744875,0.5171006953945309
288.86,28.63,50.81,7.71,Dessert,6,High,6.0,1,-2.0330954341906837,0.07946427536567499
721.81,0.19,0.33,19.0,Dessert,1,High,1.0,2,0.8207944821718663,-0.43952878805102497
715.14,20.37,3.27,2.47,Dessert,1,,1.0,2,0.279789718272249,-0.6857427231351729
118.71,9.58,3.16,0.69,Beverages,6,,6.0,0,-0.5619579532021876,1.7331629607014434
1056.94,38.09,4.27,46.59,Chicken,4,,4.0,3,1.3097100610006984,-0.3032167148608818
643.87,0.7,35.74,12.96,Vegetable,6,High,6.0,0,-0.7289327327476892,0.6796777283585942
100.39,9.66,24.37,16.97,Vegetable,2,High,2.0,2,-0.8546976372006533,-0.27036298185620034
1271.9,50.13,16.8,19.44,Pork,2,High,2.0,2,0.7586808330845022,-1.4781689150457302
343.96,23.79,58.88,0.41,Dessert,1,High,1.0,1,-2.114166901253737,-1.8452626058734727
0.8,12.26,1.33,6.21,Chicken Breast,6,,6.0,0,-0.5085665514377725,1.7920628083974988
481.88,12.74,1.34,51.9,Chicken,1,High,1.0,2,1.0792873019819758,-0.6160697676394388
640.65,8.32,2.04,53.64,Meat,4,,4.0,0,1.1583195642441726,0.41122379100651163
66.03,22.47,4.94,1.78,Vegetable,2,High,2.0,2,-0.5664041691413779,0.13860782488975484
15.79,11.89,5.08,3.75,Vegetable,4,High,4.0,0,-0.6237907716002001,1.0240160000529837
288.55,21.48,4.55,10.8,Pork,4,High,4.0,0,-0.13704841614275148,0.6400604360628903
716.84,15.12,4.17,2.25,Potato,6,High,6.0,0,0.17909612479652876,1.2219391213355646
261.88,0.58,12.87,1.76,Beverages,1,,1.0,2,-0.4217874440805028,-0.28064676557434814
988.66,102.72,3.2,17.35,Breakfast,4,,4.0,0,0.3200198236719025,-0.957786920183947
156.0,20.96,10.28,77.39,Meat,1,High,1.0,2,0.7346657109693038,-0.869969150627505
178.95,22.59,4.04,7.04,One Dish Meal,2,High,2.0,2,-0.2601462674864067,-0.02361179877088787
11.57,20.55,0.5,0.02,Beverages,1,,1.0,2,-0.47237529218683155,-0.07949536329054965
339.38,5.75,10.19,363.36,Chicken Breast,6,High,6.0,3,5.615371274872651,-0.6342155372267491
147.24,9.72,0.94,54.0,Chicken,4,,4.0,0,0.5542475105541023,0.7307708318586327
288.55,21.48,4.55,10.8,Potato,1,High,1.0,2,-0.0656456091406051,-0.44241389053358127
1428.47,19.25,0.13,31.58,Chicken,4,,4.0,3,1.7944335473304651,-0.09840716375841467
73.3,7.73,3.95,36.47,Vegetable,6,High,6.0,0,-0.02967016250169655,1.601938643483084
975.9,10.81,3.04,60.25,Chicken Breast,4,,4.0,3,1.6735303920676698,0.09282923589461782
249.33,69.42,7.91,11.29,Dessert,4,High,4.0,0,-0.7259438314298247,-0.1505108663510269
389.31,138.05,7.81,7.94,Potato,6,High,6.0,0,-1.0267596027981418,-0.3922107939228457
484.65,60.94,1.05,4.45,Potato,4,High,4.0,0,-0.17159725165437162,0.08228427206139209
278.35,22.25,1.51,17.9,Chicken,1,High,1.0,2,0.19068178653771797,-0.4208828139159708
56.91,107.12,1.91,0.8,Vegetable,4,High,4.0,0,-1.0974923525190092,-0.23176442862176577
498.56,5.96,2.08,15.44,Breakfast,2,,2.0,2,0.379222742922804,0.029189650356036257
32.92,170.88,52.05,6.27,Dessert,4,High,4.0,1,-3.216347916769082,-2.470359970018801
1348.4,152.24,0.15,2.56,One Dish Meal,2,High,2.0,2,0.5003009330811322,-2.4767125975188984
891.11,15.2,1.5,286.97,Chicken,2,,2.0,3,5.401329130515933,-1.9207532355323527
1694.81,41.54,10.96,32.72,Meat,4,High,4.0,3,1.6887634671295717,-0.8504238789466829
92.44,29.29,2.6,27.19,Chicken Breast,1,,1.0,2,0.0232712794302356,-0.45794562221361895
85.29,46.39,2.78,5.08,Vegetable,2,High,2.0,2,-0.5604574770866723,-0.17271282297609594
628.49,20.86,0.33,17.74,Chicken Breast,6,High,6.0,0,0.5026146443955088,1.2094302078739547
112.46,15.54,4.33,26.1,Lunch/Snacks,4,High,4.0,0,-0.10200645247918229,0.7551490547039823
582.49,12.17,0.13,9.3,Chicken,6,,6.0,0,0.2982644725039062,1.4080837743281338
521.32,4.88,11.69,32.98,Chicken,6,High,6.0,0,0.2968446332068096,1.1231350854898232
665.01,11.65,19.16,26.66,Breakfast,4,,4.0,0,0.07497845208652243,0.07649278840479626
384.96,58.61,0.55,23.38,Chicken,2,,2.0,2,0.1501923365909444,-0.638738410106471
458.53,28.89,6.32,92.01,Breakfast,1,,1.0,3,1.3539400764847536,-1.1707092340825191
313.53,41.44,5.95,5.07,Breakfast,2,,2.0,2,-0.3800593843928174,-0.37638621473202305
299.17,20.65,6.34,12.65,Pork,6,High,6.0,0,-0.2346463947524785,1.3100135311390628
278.75,39.36,5.05,0.07,Breakfast,1,,1.0,2,-0.42105046431876453,-0.6334802905290213
322.89,14.86,0.02,6.84,Lunch/Snacks,6,High,6.0,0,-0.08604745675428996,1.5628592892561546
207.57,1.52,4.46,15.05,One Dish Meal,6,High,6.0,0,-0.14729118676895744,1.6336374895289159
288.55,21.48,4.55,10.8,Lunch/Snacks,4,High,4.0,0,-0.17379699606917934,0.6395314057639417
288.55,21.48,4.55,10.8,Pork,6,High,6.0,0,-0.22295786933641643,1.3600926813361967
720.31,6.88,0.76,17.24,Meat,4,High,4.0,0,0.7439826420150097,0.6148378732867971
1044.25,30.87,3.7,5.37,Potato,4,High,4.0,0,0.6556426845083229,0.06014480043427186
1335.54,27.82,9.03,8.64,Breakfast,2,,2.0,2,0.9681055755338359,-0.9585483747387817
113.37,4.9,1.29,17.08,Pork,6,High,6.0,0,-0.13031742136025337,1.749761386709217
999.59,140.22,5.08,0.76,One Dish Meal,1,High,1.0,2,-0.028032459048565234,-2.5496342813658144
915.15,44.8,8.97,14.27,Potato,4,High,4.0,0,0.37214536987014457,-0.22889588494309757
425.75,162.11,0.64,7.73,Lunch/Snacks,6,High,6.0,0,-0.8661861277334055,-0.5717869947350694
239.1,80.83,0.3,23.25,Breakfast,2,High,2.0,2,-0.1896102357380045,-0.8475676946338725
1588.26,67.84,13.43,5.84,Dessert,6,High,6.0,0,0.6358891028982098,-0.39688802501171494
1070.05,124.16,2.18,50.84,One Dish Meal,6,High,6.0,3,0.875046649419208,-0.7920660584589875
974.61,2.67,4.72,3.08,Pork,4,High,4.0,0,0.7245129443770647,0.48874706441914106
263.94,0.98,7.41,13.08,Pork,4,High,4.0,0,-0.10230786065086427,0.8578925030515606
27.46,8.3,6.91,18.15,Meat,4,High,4.0,0,-0.34777036440524706,0.8968590369022708
399.26,96.71,8.6,52.0,Pork,4,High,4.0,0,0.08673153988335555,-0.816594017613742
213.77,58.08,1.59,1.19,Beverages,6,,6.0,0,-0.6765218288378247,1.0319375153328425
818.53,4.97,1.25,31.59,Lunch/Snacks,4,High,4.0,0,1.0642881641725643,0.4792105148431806
472.11,15.08,24.63,23.21,Breakfast,4,,4.0,0,-0.43719956108274494,0.042193224180796705
241.0,16.83,16.4,1.02,Beverages,2,,2.0,2,-0.7241347984101187,-0.2148980710096586
712.27,23.3,8.39,54.51,Chicken,2,High,2.0,2,1.0695160201073681,-0.7429591168935538
1228.14,32.54,1.67,7.38,Potato,4,High,4.0,0,0.9836922498305672,-0.04645164404743075
215.03,8.86,1.1,3.77,Chicken Breast,1,High,1.0,2,0.0033473253199606916,-0.08862241546758182
54.39,61.77,8.77,12.89,Pork,4,High,4.0,0,-0.7943822650067272,0.11931268126721305
513.75,65.87,18.63,18.39,Lunch/Snacks,4 as a snack,,4.0,0,-0.5446099257676377,-0.5095879820900585
70.53,17.09,10.64,0.87,Beverages,6,,6.0,0,-0.9221034380098538,1.476240439414886
686.84,17.72,95.75,1.64,Dessert,4,High,4.0,1,-3.003478022994298,-1.818272398718539
179.24,265.09,0.15,45.29,One Dish Meal,6,High,6.0,0,-1.1565122017463292,-2.0800764623247794
88.59,43.72,3.9,30.75,Lunch/Snacks,4,High,4.0,0,-0.21420338439524145,0.362895230301236
1402.99,2.13,4.01,19.75,Chicken Breast,6,High,6.0,3,1.5185583520763135,0.856148210374309
92.01,51.29,9.66,1.95,Dessert,4,High,4.0,0,-1.03060122118538,0.21661738240351763
1045.25,73.99,0.53,34.94,Meat,1,High,1.0,2,1.1778450748196923,-1.7094674903847997
12.99,68.8,3.64,11.38,Lunch/Snacks,1,High,1.0,2,-0.648599291751578,-0.89711205569115
263.04,52.87,1.27,19.53,Potato,6,High,6.0,0,-0.2496326175488474,0.968100246943501
129.07,37.3,2.09,31.57,Pork,2,High,2.0,2,0.07517061515919823,-0.2545212736718947
548.43,127.12,8.71,24.1,Chicken,2,,2.0,2,-0.3280070633019428,-1.9030137988284141
153.76,14.27,0.21,0.96,Beverages,4,,4.0,0,-0.35484666048002317,0.995540164742919
227.88,21.19,15.05,83.9,Pork,4,,4.0,0,0.6058604831476352,0.009258302789730572
288.55,21.48,4.55,10.8,Dessert,4,High,4.0,0,-0.2743189675759477,0.5749956717519986
54.81,12.49,8.26,12.53,Breakfast,6,,6.0,0,-0.660726395797305,1.5370809502611427
32.29,133.9,14.35,0.74,Dessert,6,,6.0,0,-1.9153347660545457,-0.2737808874198307
1377.61,18.99,7.93,38.94,One Dish Meal,4,High,4.0,3,1.6087573081806115,-0.32573882893165546
1317.56,24.42,26.36,85.79,Pork,4,High,4.0,3,1.6627137386352313,-1.0498602179539458
69.69,76.09,1.72,99.13,One Dish Meal,2,High,2.0,2,0.875794033641875,-1.1717313369548708
790.21,3.92,5.93,23.16,Chicken Breast,4,High,4.0,0,0.7988212386079528,0.44928754844498586
1203.79,46.46,1.26,7.99,One Dish Meal,4,,4.0,0,0.8975096369482696,-0.2437001231241666
853.22,24.8,0.9,14.1,Lunch/Snacks,4,,4.0,0,0.6747898353485314,0.29673982930271336
253.63,12.99,5.75,9.5,Potato,1,,1.0,2,-0.15482885739337793,-0.31714830025752716
878.7,7.7,3.87,35.12,Pork,6,High,6.0,0,1.0445951036067036,1.0374004725178259
201.19,6.4,56.78,0.13,Beverages,4,,4.0,1,-2.1891881733911167,-0.3082346522384389
197.73,224.16,2.97,1.26,Potato,2,High,2.0,2,-1.5757323586443501,-2.7450169035025316
374.75,3.42,18.07,25.39,One Dish Meal,1,High,1.0,2,-0.02281494207424147,-0.6968301800315795
255.77,111.08,14.46,2.17,Pork,1,High,1.0,2,-1.0823282089438226,-1.856395200700042
474.73,12.78,3.66,1.17,Beverages,4,,4.0,0,-0.04838040096659779,0.7183961423726137
288.55,21.48,4.55,10.8,Pork,1,High,1.0,2,-0.008184236352254053,-0.4399879318470691
217.78,0.62,4.51,0.46,Vegetable,6,High,6.0,0,-0.4164872055700898,1.800248007158876
337.25,31.92,8.0,27.51,One Dish Meal,1,High,1.0,2,0.13247757044824948,-0.8335724461187424
732.56,8.13,1.98,0.07,Breakfast,4,,4.0,0,0.32871148852145343,0.6559833805418737
573.69,9.55,5.19,7.83,Meat,4,,4.0,0,0.19838577355539522,0.6266422036805525
899.53,55.54,7.64,18.26,Dessert,2,High,2.0,2,0.40365096373112114,-1.1410230323336543
96.2,7.2,5.51,0.27,Beverages,1,,1.0,2,-0.4485329307072639,-0.07413825651714936
288.55,21.48,4.55,10.8,One Dish Meal,4,,4.0,0,-0.18795716804847595,0.6112290341960798
597.75,34.77,4.7,38.26,Chicken Breast,1,High,1.0,2,0.7833641343907324,-0.9896815652004688
48.76,6.27,1.5,0.1,Beverages,6,,6.0,0,-0.5844313168226002,1.86948711752875
1270.46,10.74,2.19,51.99,Pork,4,High,4.0,3,1.9509251936141876,-0.04030618223733908
544.51,88.67,14.45,63.94,Breakfast,1,,1.0,2,0.35406091837509124,-2.0948839861838313
47.89,17.17,9.89,0.89,Beverages,6,,6.0,0,-0.9257055936103655,1.508354936845595
241.29,4.25,7.69,9.87,Lunch/Snacks,6,High,6.0,0,-0.3368572400782424,1.5586573375783355
12.25,11.17,7.44,26.89,Meat,6,High,6.0,0,-0.344091592982747,1.5234145416930485
83.42,8.11,0.37,0.36,Beverages,4,,4.0,0,-0.4225443226866131,1.127175386301364
2068.07,34.23,1.46,10.02,Potato,1,High,1.0,3,2.2299417670723947,-1.7150899842567517
44.15,18.62,1.65,182.63,Pork,1,High,1.0,3,2.642178398038911,-1.163483769447209
529.26,7.54,6.94,25.21,Meat,4,High,4.0,0,0.416218975231865,0.5342253748474288
127.84,65.14,1.91,29.65,Lunch/Snacks,4,,4.0,0,-0.2801090078626165,0.10052977638525311
23.84,54.51,0.63,0.59,Breakfast,6,High,6.0,0,-0.8622698766334771,1.2237224445933608
1160.95,3.69,11.83,33.12,Chicken,4,,4.0,3,1.173533397821974,-0.0011259070056511221
100.83,162.91,0.41,5.68,Potato,6,High,6.0,0,-1.3345197155190327,-0.3526049461369523
71.71,51.87,9.8,15.1,Meat,4,High,4.0,0,-0.7081261834301654,0.20896836188464846
35.64,92.44,15.83,10.27,One Dish Meal,4,High,4.0,0,-1.3080595795366017,-0.4873065810248954
102.32,46.13,15.64,6.5,Lunch/Snacks,6,,6.0,0,-1.1337919645875325,0.8992225609018538
28.99,46.4,7.14,0.22,Beverages,6,,6.0,0,-1.0469962050955717,1.1859231441560423
651.82,63.66,5.25,52.18,One Dish Meal,6,High,6.0,0,0.6283956869190949,0.24201491990907012
633.17,20.0,2.35,26.11,Lunch/Snacks,4,High,4.0,0,0.6058745064285094,0.3976039458124089
481.51,5.99,5.43,28.51,Meat,4,High,4.0,0,0.4707233445123013,0.6052026749076157
41.92,25.28,1.95,14.62,Chicken Breast,2,High,2.0,2,-0.21175094197375904,0.07386759648710087
665.49,15.55,0.77,18.8,Chicken,4,High,4.0,0,0.639531218315771,0.5094099986651822
94.44,13.41,2.48,3.24,Potato,4,High,4.0,0,-0.44839838203044136,0.9725850974074554
100.82,102.44,1.25,33.51,Potato,1,High,1.0,2,-0.3153762727755433,-1.49420076197018
39.82,9.71,19.24,8.5,Dessert,2,,2.0,2,-1.0083059930573106,-0.15778711653867392
1054.4,25.96,0.43,0.24,Potato,6,,6.0,0,0.6053414456999803,0.9576755465239537
1078.33,13.48,11.42,136.65,Pork,6,High,6.0,3,2.689766701815332,0.05172139694639325
71.73,25.82,2.41,33.21,Meat,6,,6.0,0,-0.11577088019642492,1.3732794940101165
999.13,51.34,2.82,25.25,Lunch/Snacks,1,High,1.0,2,0.9809050460997025,-1.3663065087952968
446.58,0.44,0.05,37.28,Chicken Breast,4,,4.0,0,0.7800595589798345,0.793076067182838
1370.8,0.48,2.15,1.65,Meat,4,,4.0,0,1.2774430970341142,0.3363573936077469
96.49,37.38,3.93,1.24,Potato,6,High,6.0,0,-0.7617031573822638,1.334201097100736
73.56,15.61,5.91,4.71,Lunch/Snacks,6,High,6.0,0,-0.6465472460366115,1.5851430168917124
502.89,3.44,3.9,0.1,Beverages,6,,6.0,0,-0.06666040442650539,1.5499387219927339
328.47,6.01,3.9,33.17,Chicken,4,,4.0,0,0.3632940887372031,0.7107493214982806
336.13,38.56,75.48,14.64,Dessert,1,,1.0,1,-2.579689816800812,-2.5286175374999362
1053.49,6.49,10.53,10.27,Vegetable,4,High,4.0,0,0.6619678471871822,0.24206571228761015
550.71,11.53,0.35,0.0,Potato,2,High,2.0,2,0.2530309833286607,0.04820227752811123
1245.7,0.08,14.34,3.52,Lunch/Snacks,4,High,4.0,0,0.7303756621492578,0.10674803437024251
305.22,41.6,0.18,25.99,Chicken Breast,4,,4.0,0,0.15417387524350834,0.37671678134521436
41.52,135.88,6.02,38.49,Breakfast,4,,4.0,0,-0.8441587248886956,-0.984458573078094
535.55,0.08,4.4,5.56,One Dish Meal,6,High,6.0,0,0.12686637536907433,1.4934166521522585
12.06,41.93,0.84,15.38,Breakfast,1,,1.0,2,-0.3814772100127556,-0.4785224279363244
208.31,84.21,4.99,43.5,One Dish Meal,6,High,6.0,0,-0.20156900820007462,0.30614041089593474
600.24,51.08,18.07,5.91,Dessert,4,High,4.0,0,-0.5989880239703157,-0.34534915537261446
7.63,38.99,5.21,0.64,Vegetable,4,High,4.0,0,-0.8568889796625558,0.667636036490124
439.11,38.45,2.72,15.7,Pork,1,High,1.0,2,0.22409955275279872,-0.758837311464331
212.15,24.89,1.66,6.13,One Dish Meal,2,High,2.0,2,-0.16561446212973044,-0.01389938358125914
1356.45,8.6,3.33,2.23,Pork,2,High,2.0,2,1.2968409355752086,-0.5269836118671678
247.89,44.68,2.64,19.94,Chicken Breast,1,High,1.0,2,0.04057693668442079,-0.7395806724023108
12.24,37.13,3.39,0.28,Vegetable,1,High,1.0,2,-0.6545536022575913,-0.3429125666704135
228.51,40.37,5.18,4.55,Potato,1,High,1.0,2,-0.3838520188565518,-0.6444804766415866
71.34,38.27,2.88,24.74,Meat,1,High,1.0,2,-0.10029592221146515,-0.5680833758070766
414.54,17.84,1.23,7.5,Potato,6,High,6.0,0,-0.037924888127122205,1.4255112677002941
912.77,79.94,1.85,44.36,One Dish Meal,1,High,1.0,2,1.0640176716433145,-1.8280631484325702
633.79,228.67,1.1,4.14,Potato,4,High,4.0,0,-1.018794964829483,-2.346624047920797
674.75,21.48,3.93,23.86,Lunch/Snacks,1,High,1.0,2,0.6877646384492686,-0.7561731878616658
23.62,49.82,4.97,5.53,Vegetable,4,High,4.0,0,-0.8137810035660002,0.484110795724021
86.02,31.49,1.27,6.72,Lunch/Snacks,6,High,6.0,0,-0.5366450596421257,1.458311414241563
108.55,42.6,1.04,1.96,Vegetable,4,High,4.0,0,-0.5855765414338155,0.6453521257216985
624.57,3.46,14.41,15.7,Chicken Breast,1,,1.0,2,0.27110456428534707,-0.6734646322273478
953.06,10.38,0.26,13.3,Breakfast,4,,4.0,0,0.8754694456587827,0.4445164229135341
12.63,40.82,0.59,3.41,Vegetable,4,High,4.0,0,-0.658230632066828,0.7360912916665414
727.55,2.81,1.01,28.55,Meat,4,High,4.0,0,0.9571722297363722,0.5949425550342343
340.31,0.41,2.29,10.55,Chicken,4,High,4.0,0,0.12717935744084685,0.945214211146518
84.91,28.31,9.9,41.53,Chicken,6,High,6.0,0,-0.20403839952728448,1.080196192722567
516.57,36.73,4.34,5.37,Chicken Breast,4,,4.0,0,-0.02848515090250935,0.32228428942589193
282.89,114.65,2.51,28.11,Lunch/Snacks,6,High,6.0,0,-0.48355929165634,0.018208766500273508
255.92,157.92,2.18,3.47,Potato,4,High,4.0,0,-1.1160807784538034,-1.1363389242364972
805.11,194.26,45.95,4.03,Dessert,4,High,4.0,1,-2.1991410061502767,-3.14296502739127
399.59,56.13,5.77,4.81,Dessert,2,,2.0,2,-0.43417075958407,-0.689034676914561
128.46,151.69,8.12,0.76,Dessert,4,,4.0,0,-1.6026791198201262,-1.151990266880405
88.17,49.37,0.01,0.4,Beverages,6,,6.0,0,-0.7431759894792217,1.279272136566836
64.15,6.14,0.27,29.33,Meat,2,High,2.0,2,0.2102274736398761,0.28056801020431915
0.64,75.64,3.26,6.95,Breakfast,1,,1.0,2,-0.8256788626589142,-0.9499080118409018
17.7,78.46,23.19,0.22,Dessert,2,,2.0,2,-1.7314360375851554,-1.1474252184275555
288.55,21.48,4.55,10.8,Lunch/Snacks,4,High,4.0,0,-0.17379699606917934,0.6395314057639417
474.05,4.67,1.1,39.11,Chicken,1,,1.0,2,0.880989421054805,-0.41265526934877167
406.57,8.78,0.09,0.61,Dessert,6,,6.0,0,-0.18165882906740993,1.5680056961013547
63.05,10.13,5.18,15.16,Lunch/Snacks,6,,6.0,0,-0.4624123638467382,1.6316634202392637
143.51,6.17,0.54,5.0,Pork,4,High,4.0,0,-0.18815433768593262,1.0805567101487
362.78,97.21,0.55,21.11,Lunch/Snacks,2,High,2.0,2,-0.1511809825292945,-1.1436671419583264
113.31,11.5,1.73,11.6,Vegetable,2,High,2.0,2,-0.16609962998976158,0.28159157908343563
388.44,12.89,4.62,13.93,Pork,4,High,4.0,0,0.09332561012438678,0.6735819412805752
288.55,21.48,4.55,10.8,One Dish Meal,4,,4.0,0,-0.18795716804847595,0.6112290341960798
207.96,16.55,76.11,1.19,Dessert,4,,4.0,1,-2.981870400612893,-0.9955088992896415
1646.67,9.42,5.12,245.57,Chicken Breast,6,High,6.0,3,5.490070573736692,-0.7420606318940819
21.09,10.5,4.66,0.02,Beverages,2,,2.0,2,-0.5832274262153563,0.3119275273703151
48.5,7.49,0.11,17.24,Breakfast,4,,4.0,0,-0.19608744191665745,1.063175814916127
57.63,7.79,4.95,3.75,Vegetable,4,High,4.0,0,-0.540497437285092,1.0565359241559555
288.55,21.48,4.55,10.8,Lunch/Snacks,6,High,6.0,0,-0.25970644926284425,1.359563651037248
642.71,12.75,2.33,35.22,Chicken,2,,2.0,2,0.8981635881584927,-0.2839680017371628
307.36,31.39,52.17,10.12,Dessert,6,,6.0,1,-2.066962674712511,-0.012328741961261238
301.49,10.39,14.02,4.94,Lunch/Snacks,4,High,4.0,0,-0.5091551159134186,0.586935569467224
184.32,14.18,7.47,0.04,Beverages,1,,1.0,2,-0.44915626810214787,-0.27607080165769354
1471.33,86.51,0.79,0.58,Potato,1,High,1.0,2,1.0097702203197236,-1.9762206523843675
442.15,5.62,0.79,59.69,One Dish Meal,2,High,2.0,2,1.1649384379452559,-0.18713843011955295
230.27,9.26,0.43,56.8,One Dish Meal,6,High,6.0,0,0.6634765396657104,1.3679052398876241
161.3,35.29,3.23,3.51,Potato,6,High,6.0,0,-0.6042637759708503,1.3244278143004806
976.87,7.73,3.01,49.04,One Dish Meal,2,High,2.0,3,1.5853237456059464,-0.5624529193335652
141.66,38.53,2.96,10.13,Potato,4,High,4.0,0,-0.44455852330657447,0.5405991043812638
25.21,0.47,20.64,52.56,Pork,2,High,2.0,2,-0.11648251381234674,-0.25040543435525153
70.25,28.84,4.54,3.96,Breakfast,4,,4.0,0,-0.6706775588142365,0.7204800460478918
88.26,18.58,5.21,99.64,Meat,6,High,6.0,0,0.9893136774665119,1.003271374263442
190.33,22.62,0.51,11.92,Meat,4,,4.0,0,-0.14607965416895308,0.7893104846237956
282.57,9.87,1.9,0.16,Beverages,4,,4.0,0,-0.2335467668580108,0.9347923074696299
219.25,3.19,5.82,12.75,Vegetable,4,High,4.0,0,-0.18554485585876557,0.9401952155176722
248.6,24.45,5.37,0.38,Breakfast,1,,1.0,2,-0.3737863789273181,-0.4159960502133544
343.26,85.06,1.58,19.57,Lunch/Snacks,2,,2.0,2,-0.19628780313529104,-0.9721557425471611
504.09,32.76,1.46,25.73,One Dish Meal,2,,2.0,2,0.4577191921076188,-0.4187539709295724
166.85,159.72,2.8,21.47,Breakfast,4,,4.0,0,-1.002266069307052,-1.2210069382168887
30.37,38.4,0.1,35.2,Vegetable,2,High,2.0,2,0.008776085771961557,-0.13425254323860145
1716.03,19.99,6.71,25.29,Chicken Breast,2,High,2.0,3,1.9815729376368378,-1.1372326374453314
1129.21,85.35,1.69,11.92,Pork,4,High,4.0,0,0.6640702343825771,-0.7393618069197225
110.86,17.28,10.33,60.57,Chicken,4,,4.0,0,0.24964749086691002,0.38150823127190364
288.55,21.48,4.55,10.8,Meat,4,High,4.0,0,-0.13536723288809954,0.6416339647114427
309.67,23.22,10.01,7.25,Chicken,1,,1.0,2,-0.2757120710036148,-0.5955964682985592
134.33,23.47,4.46,23.21,Vegetable,4,High,4.0,0,-0.19943138055849563,0.6871891652661117
288.55,21.48,4.55,10.8,One Dish Meal,4,,4.0,0,-0.18795716804847595,0.6112290341960798
576.07,21.89,2.96,71.16,Pork,4,,4.0,3,1.2493013124179662,0.13965314647188704
309.05,126.18,37.76,2.76,Dessert,4,High,4.0,1,-2.1580885192213874,-1.660996337289102
288.55,21.48,4.55,10.8,Chicken,6,High,6.0,0,-0.22762941551254776,1.3497906720503292
576.38,15.98,0.54,36.23,Pork,2,,2.0,2,0.8757273080567437,-0.23670581900857454
643.99,31.56,2.3,57.14,Meat,2,High,2.0,2,1.1888565892160574,-0.6667256567283207
35.81,3.38,0.07,0.12,Beverages,6,,6.0,0,-0.5341467958216889,1.9531411807197832
116.69,19.94,9.75,3.01,Vegetable,2,High,2.0,2,-0.6295983020596156,0.015266916955602415
92.61,1.35,3.59,0.04,Beverages,6,High,6.0,0,-0.536093544850629,1.85191857142244
779.72,24.92,1.62,22.45,Pork,4,High,4.0,0,0.7645128528550409,0.27203658855917706
284.59,9.73,1.76,111.57,Meat,4,High,4.0,3,1.6967352613342221,0.2919368637947649
449.22,96.11,4.6,6.58,Pork,2,High,2.0,2,-0.3757616297631927,-1.200029645413278
42.3,12.14,1.86,87.25,Chicken Breast,2,,2.0,2,1.0419336186561468,-0.1563940497633264
194.37,12.17,1.58,3.67,Lunch/Snacks,4,,4.0,0,-0.28826278837591973,0.951345824155731
2332.32,7.47,3.62,34.33,One Dish Meal,1,High,1.0,3,3.103143785598719,-1.7441215971689359
109.42,51.67,2.54,4.5,Lunch/Snacks,1,High,1.0,2,-0.49608979673624015,-0.6559350555134071
868.76,46.47,2.68,23.05,Lunch/Snacks,1,High,1.0,2,0.8120318100150128,-1.1963099420847654
74.73,2.99,1.18,0.22,Potato,6,High,6.0,0,-0.5011864785141542,1.8998132375117458
288.55,21.48,4.55,10.8,Dessert,6,High,6.0,0,-0.36022842076961265,1.295027917025305
109.21,7.37,15.64,0.5,Beverages,1,,1.0,2,-0.7746570011358743,-0.3347311979615894
1089.14,5.14,7.51,47.4,Chicken Breast,6,,6.0,3,1.40226773753771,0.7817411612864243
231.35,60.56,0.01,5.16,Potato,6,High,6.0,0,-0.5326820090829185,0.9963330894329159
124.67,22.33,0.61,1.31,Potato,4,High,4.0,0,-0.43268757051507045,0.8856721213137843
64.27,0.16,51.64,0.74,Beverages,2,,2.0,1,-2.0549953717366387,-0.7286309445278268
367.92,45.8,0.93,4.61,Breakfast,2,,2.0,2,-0.17351327617358625,-0.3471995396347461
288.55,21.48,4.55,10.8,Pork,6,High,6.0,0,-0.22295786933641643,1.3600926813361967
1148.55,10.37,5.7,30.83,Meat,6,High,6.0,0,1.2423168700655791,0.803581552749401
375.32,131.8,16.43,4.76,Chicken,4,High,4.0,0,-1.214308566640461,-1.2168798926870195
239.23,32.87,3.37,40.62,Breakfast,4,,4.0,0,0.1685474500602902,0.3690516484415419
27.65,31.14,3.6,8.66,Potato,4,High,4.0,0,-0.5914708208178163,0.7114572761026886
324.12,28.42,7.79,12.47,Meat,2,High,2.0,2,-0.1293919163096441,-0.28744029426258505
199.2,0.69,4.11,0.12,Beverages,4,,4.0,0,-0.3600302131837179,1.063511524501443
3633.16,29.07,0.35,2.32,Chicken,4,,4.0,3,4.06832623298176,-1.5273636885913806
269.24,30.22,13.63,36.72,Meat,2,High,2.0,2,-0.00822884571861406,-0.5598777384478788
253.14,19.23,11.22,2.35,One Dish Meal,2,High,2.0,2,-0.46701021747667787,-0.17474901939106546
5.87,47.91,30.06,24.72,Meat,4,High,4.0,0,-1.2999226190294657,-0.2448522316376598
350.88,1.34,0.54,0.06,Beverages,4,,4.0,0,-0.048768500843363566,1.042115502705985
607.52,34.88,5.49,9.79,Lunch/Snacks,4,High,4.0,0,0.10393882021283651,0.22537690561006238
110.17,65.7,58.15,5.92,Dessert,1,High,1.0,1,-2.5554591523650227,-2.2872557721173874
1017.32,85.12,1.71,1.85,Potato,1,,1.0,2,0.3917432815192058,-1.6807564132510655
47.74,5.33,0.87,17.42,Chicken Breast,4,High,4.0,0,-0.08426479434098492,1.0775449337927103
113.62,7.12,5.27,13.4,Vegetable,4,High,4.0,0,-0.31561003280324385,0.9650855077142979
262.29,60.13,72.49,5.07,Dessert,4,High,4.0,1,-2.9583062385548726,-1.57687793019177
164.86,1.62,7.57,48.35,Pork,4,High,4.0,0,0.3456845528377406,0.706140489578382
126.31,45.48,6.26,10.44,Dessert,1,High,1.0,2,-0.5653652306160409,-0.7712147025608352
288.55,21.48,4.55,10.8,Pork,4,High,4.0,0,-0.13704841614275148,0.6400604360628903
2283.29,34.34,5.12,17.57,Chicken Breast,6,,6.0,3,2.3409522062638484,-0.18158443211829847
1337.5,49.91,0.76,57.9,Chicken,4,,4.0,3,1.9038627690007985,-0.6323576041291381
186.21,83.94,1.98,22.4,Chicken Breast,4,High,4.0,0,-0.34554581551098157,-0.1624538465915898
1161.0,5.31,22.39,44.22,Lunch/Snacks,2,,2.0,3,1.041152940660406,-1.0571005349629756
288.55,21.48,4.55,10.8,Potato,2,High,2.0,2,-0.10860033573743758,-0.0823977678969281
951.74,29.42,3.57,13.87,Pork,2,High,2.0,2,0.8346025696272061,-0.6222617495928262
266.61,35.77,0.97,8.07,Potato,6,High,6.0,0,-0.3195435422149799,1.2771472281278708
184.56,45.21,6.2,0.03,Beverages,4,,4.0,0,-0.7253939372173333,0.4037832466644998
